Name,Rate,active_price,address,metro
Гостиница Cosmos Moscow VDNH,8.5/10,3 420,"Москва, пр-т Мира, д. 150, 13 км трассы М-8",ВДНХ 343
Гостиница Аэростар,9.1/10,4 280,"Москва, пр. Ленинградский, д. 37. корп. 9, 7 км трассы М10",Петровский парк 651
"Отель Pentahotel Moscow, Arbat",9.3/10,7 200,"Москва, ул. Новый Арбат, д. 15",Арбатская 578
МИРРОС Отель Москва Кремль,9.3/10,8 400,"Москва, ул. Моховая, д. 10, стр. 1",Боровицкая 104
Броско Отель Арбат,9.3/10,8 500,"Москва, ул. Новый Арбат, д. 21 стр. 2",Смоленская 365
Отель Ибис Москва Павелецкая,8.7/10,4 990,"Москва, ул. Щипок, д. 22 с.1",Серпуховская 675
Апарт-отель Ханой-Москва,9.1/10,3 100,"Москва, Ярославское ш., 146к2",
Отель Maidens Hotel,10.0/10,19 550,"Москва, пл. Зубовская, д. 3с1",Парк Культуры 633
Отель Movenpick,9.4/10,14 900,"Москва, ул. Земляной вал, д. 70",Марксистская 375
Отель Интурист Коломенское,9.3/10,5 520,"Москва, ш. Каширское, д. 39Б",Москворечье МЦД-2 1.2
Гостиница Измайлово Бета,9.1/10,3 534,"Москва, Измайловское ш., д. 71к2Б",Партизанская 140
Отель Москва Красносельская,9.3/10,6 500,"Москва, ул. Верхняя Красносельская, д. 11а, с. 4",Красносельская 568
Marins Park Hotel Москва Пражская,9.3/10,4 200,"Москва, ул. Кировоградская, д. 11",Пражская 538
Гостиница Cosmos Smart Moscow Semenovskaya,9.8/10,5 100,"Москва, ул. Вельяминовская, д. 34",Семеновская 274
Гостиница Аструс Москва,9.1/10,5 750,"Москва, проспект Ленинский, д. 146",Юго-западная 1.1
Гостиница Cosmos Smart Moscow Dubininskaya,9.3/10,5 000,"Москва, ул. Дубининская, д. 33в",Павелецкая 719
Бутик-Отель Тульский,7.6/10,3 757,"Москва, ул. 2-я Рощинская, д. 10",Тульская 641
Отель Протон,8.9/10,6 000,"Москва, ул. Новозаводская, д. 22",Багратионовская 1.3
Апарт-отель Cosmos Stay Moscow Profsoyuznaya Hotel 3*,9.8/10,4 320,"Москва, ул. Профсоюзная, д. 154к3",Теплый Стан 399
Отель Sky Apartments,9.3/10,16 200,"Москва, Пресненская наб., д. 12",Международная 300
Апарт-отель Ваш Салют,8.7/10,3 600,"Москва, Ленинский пр-кт, д. 158",Тропарево 903
Гостиница Дом купца Бавыкина,9.6/10,4 000,"Москва, ул. Электрозаводская, д. 37/4с3",Преображенская Площадь
Отель Малетон,9.4/10,5 700,"Москва, ул. Гарибальди, д. 36/3",Новые Черемушки
Отель Марриотт Империал Плаза Москва,9.4/10,13 500,"Москва, ул. Краснопрудная, д. 12",Комсомольская
Гостиница Восход,7.6/10,2 390,"Москва, Алтуфьевское ш., д. 2",Владыкино
Апарт-отель SALUT-SATEEN by Sateen Group,9.4/10,5 500,"Москва, Ленинский просп., д. 158",Тропарево
Апарт-отель Шерстон,8.1/10,2 151,"Москва, Гостиничный пр-д, д. 8к1",Окружная МЦД-1
Апартаменты ГорЖилФонд на большой Очаковской,10/10,3 999,"Москва, ул. Большая Очаковская, д. 2",Аминьевская
Апартаменты Тут Живут HeadLiner Apart,7.4/10,5 400,"Москва, пр. Шмитовский, д. 39к8",Москва-Сити МЦД-4
Апартаменты На Берёзовой аллее,9.6/10,3 600,"Москва, ул. Берёзовая аллея, д. 19к2",Ботанический Сад
Имрус Отель Москва,9.1/10,5 000,"Москва, Новинский б-р, д. 22с1",Баррикадная
Хостел o2,8.9/10,1 100,"Москва, Ленинский пр-т, д. 131, эт. 1",Тропарево
Хостел Сон в кубе,9.1/10,"1 092,50","Москва, ул. Долгоруковская, д. 40",Новослободская
Отель Meet in,7.6/10,3 400,"Москва,  ул. Митинская, д. 52",Пятницкое шоссе
Хостел Автор Таганка,8.9/10,680,"Москва, ул. Александра Солженицына, д. 10, стр. 1",Марксистская
Хостел Точка,8.9/10,476,"Москва, ул. 5-я Кабельная, д. 2с10",Нижегородская
Гостиница Сретенская,8.9/10,8 000,"Москва, ул. Сретенка, д. 15",Сухаревская
Отель Измайлово Столица,9.3/10,3 660,"Москва, ш. Измайловское, д. 71к2Б",Партизанская
Копенгаген Лаунж-Отель,9.8/10,1 500,"Москва, ул. Буженинова, д. 2",Электрозаводская
Апартаменты Культура комфорта,,8 400,"Москва, Шмитовский пр-д, д. 39к8",Москва-Сити МЦД-4
Отель Автор Люблино,9.1/10,1 980,"Москва, ул. Краснодонская, д. 24с2",Люблино
Гостевой дом Брестоль,9.1/10,"5 347,50","Москва, Страстной б-р, д. 7, стр. 2",Чеховская
Хостел Cube,7.9/10,1 299,"Москва, б-р Новинский, д. 16, стр. 2",Смоленская
Хостел Timelapse II,10/10,1 250,"Москва, просп. Мира, д. 95",Алексеевская
Лубянка Арт Отель,8.9/10,4 250,"Москва, Армянский пер., д. 3-5, стр. 1а",Чистые Пруды
Гостиница Измайлово Гамма - Твой Отель,8.9/10,3 700,"Москва, ш. Измайловское, д. 71, корп. 4 Г-Д",Партизанская
Гостиница Ибис Москва Октябрьское Поле,9.3/10,4 221,"Москва, ул. Маршала Рыбалко, д. 2к5",Панфиловская
Гостиница Золотой Колос,8.9/10,3 800,"Москва, ул. Ярославская, д. 15к3",ВДНХ
Отель Шато Волго,8.7/10,6 000,"Москва, ул. Тверская, д. 9С5",Охотный Ряд
Гостиница Восток,9.4/10,4 700,"Москва, ул. Гостиничная, д. 9Ак3",Окружная МЦД-1
Отель Балчуг Кемпински Москва,9.4/10,22 000,"Москва, ул. Балчуг, д. 1",Новокузнецкая
Гостиница Арбат Хаус,8.5/10,6 100,"Москва, Скатертный пер., д. 13",Арбатская
Отель ShelterZ Электрозаводская,9.3/10,1 350,"Москва, ул. Большая Семёновская, д. 32, стр. 3",Электрозаводская
Отель SkyPoint,8.9/10,4 900,"Химки, Международное ш., 28Б, стр. 3",
Отель ASEAN,8.5/10,4 140,"Москва, пр. 17-й Марьиной Рощи, д. 11",Бутырская
Отель Travelto Петровский Парк,8.5/10,3 294,"Москва, Большой Коптевский пр., д. 3с7",Красный Балтиец МЦД-2
Апарт-отель YE'S Technopark,9.4/10,5 300,"Москва, пр-т Андропова, д. 10",Технопарк
Отель Holiday Tagansky,8.9/10,4 410,"Москва, ул. Симоновский Вал, д. 2",Крестьянская застава
Отель Cosmos Selection Moscow Sheremetyevo Airport Hotel,8.9/10,8 500,"Химки, ш. Международное, д. 1а",
ГородОтель на Казанском,8.3/10,1 800,"Москва, пл. Комсомольская, д. 2, 1 этаж",Комсомольская
Отель Red Brick,9.1/10,5 490,"Москва, пер. Хохловский, д. 10, стр. 6",Китай-город
Отель Marco Polo by Moss Hospitality,9.1/10,7 600,"Москва, Спиридоньевский пер., д. 9",Пушкинская
Бизнес-отель Бородино,9.3/10,4 600,"Москва, Русаковская ул.13/5",Митьково МЦД-3
Апарт-отель InPremium,9.1/10,15 480,"Москва, наб. Пресненская, д. 12",Международная
Гостиница Империя,8.7/10,3 700,"Москва, 1-й Боткинский пр-д, д. 6",Динамо
Апартаменты Восход,8.3/10,2 000,"Москва, Алтуфьевское ш., д. 2, 4 и 8 этаж",Владыкино
Апарт-отель Измайловский парк,9.3/10,4 700,"Москва, ул. Щербаковская, д. 57А",Измайлово
Corsa Vita Hotel,8.9/10,4 200,"Москва, ул. 1905 года, д. 10, стр. 1",Улица 1905 года
Отель Старосадский,9.3/10,4 000,"Москва, Старосадский пер., д. 8, стр. 3",Китай-город
Бутик-Отель The Rooms Boutique Hotel,9.1/10,7 358,"Москва, ул. Николоямская, д. 38",Марксистская
Апарт-отель Ye's Mitino,9.3/10,4 000,"Москва, ул. Митинская, д. 16",Волоколамская
Гостиница Набат Палас Арбат,9.4/10,6 893,"Москва, ул. Старый Арбат, д. 28/1, стр. 2",Смоленская
Отель Ситикомфорт на Тверской,8.3/10,3 600,"Москва, Малый Гнездниковский пер., д. 12",Тверская
Гостиница Измайлово Дельта - Твой Отель,9.1/10,4 200,"Москва, Измайловское ш., д. 71к4г-д",Партизанская
Отель Сан-Ремо,8.3/10,4 200,"Москва, ул. Народная, д. 20, стр. 2",Таганская
Отель ShelterS Тульская,9.1/10,1 370,"Москва, ул. Большая Тульская, д. 2",Тульская
Отель Максима Панорама,9.3/10,4 640,"Москва, ул. Мастеркова, д. 4, 7 км трассы М-6 (Р22)",Автозаводская
Мини-отель На Камергерском,8.3/10,4 800,"Москва, ул. Большая Дмитровка, д. 7/5, стр. 1",Театральная
Мини-отель Shelterz Парк Горького,9.1/10,1 350,"Москва, Ленинский пр-кт, д. 30",Ленинский Проспект
Апарт-отель BAFY HOME,7.2/10,3 799,"Москва, Ленинский пр., д. 158",Тропарево
Отель Гости,8.9/10,3 400,"Москва, пер. Электрический, д. 3/10с1",Белорусская МЦД-4
Гостиница БуддОтель Москва,8.9/10,2 125,"Москва, ул. Расковой, д. 24, стр. 4",Савеловская
Отель Максима Славия,9.1/10,3 040,"Москва, Ярославское ш., д. 44",Бабушкинская
Grada Boutique Hotel,8.9/10,7 000,"Москва, ул. Кузнецкий мост, д. 6/3, стр. 3",Театральная
Отель Агиос на Курской,8.9/10,3 750,"Москва, ул. Воронцово Поле, д. 16/4",Чкаловская
Отель Ibis Budget,9.3/10,3 330,"Москва, ул. Маршала Рыбалко, д. 2к5/1",Панфиловская
Отель Президент,9.3/10,8 500,"Москва, ул. Большая Якиманка, д. 24",Полянка
Отель Петровский Путевой Дворец,9.3/10,9 000,"Москва, Ленинградский пр-т, д. 40",Петровский парк
Отель Акварель,9.6/10,13 200,"Москва, пер. Столешников, д. 12, 1 км трассы М-6 (Р22)",Театральная
Отель Андреевский,8.9/10,4 500,"Москва, ул. Павла Андреева, д. 4",Серпуховская
Мини-отель Бегемот Маяковская,9.3/10,4 600,"Москва, ул. Красина, д. 7, стр. 3",Маяковская
Апартаменты Булгаков,8.5/10,3 000,"Москва, ул. Арбат, д. 49, под.2",Смоленская
Апартаменты Happy Home,9.1/10,5 400,"Москва, Ленинский пр-кт, д. 158",Тропарево
Гостиница Ярославская,9.1/10,3 400,"Москва, ул. Ярославская, д. 8 корп. 1",ВДНХ
Гостиница Мартон ВДНХ,8.7/10,2 630,"Москва, ул. Ярославская, д. 10к2",ВДНХ
Гостиница А.Kosterev Moscow,9.3/10,2 600,"Москва, ул. Тверская, д. 9а, стр. 5",Охотный Ряд
Амай-отель на Первомайской,8.9/10,2 130,"Москва, ул. Верхняя Первомайская, д. 2А",Первомайская
Апарт-отель DIAMOND APARTMENTS,9.3/10,20 900,"Москва, 1-й Красногвардейский пр-д, д. 21, с. 2",Международная
Гостиница Авторский отель ПАРРАДОССО,9.4/10,8 590,"Москва, Настасьинский пер., д. 8, стр. 1",Чеховская
Отель Стромынка,8.9/10,3 000,"Москва, ул. Стромынка, д. 11",Сокольники
Гостиница Shelterx ВДНХ,8.9/10,1 600,"Москва, пр-т Мира, д. 184, стр. 1",Улица Сергея Эйзенштейна
Отель Авиалюкс,8.7/10,3 100,"Москва, Ленинградский пр-кт, д. 68, стр. 23, 9 км трассы М10",Сокол
Хостел 47 Небо,8.7/10,"1 549,40","Москва, Пресненская наб., д. 6с2",Выставочная
Отель Blues,9.3/10,6 850,"Москва, ул. Доватора, д. 8",Спортивная
Издатель Отель Тверская,8.9/10,4 900,"Москва, ул. Тверская, д. 12с2",Тверская
Апарт-отель Новый Арбат 10,8.9/10,7 800,"Москва, ул. Новый Арбат, д. 10",Арбатская
Гостиница Русотель,8.3/10,3 300,"Москва, Варшавское ш., 21 км, д. 1А, 4 км трассы М2",Битца МЦД-2
Hotel Continental,9.8/10,17 100,"Москва, ул. Тверская, д. 22",Пушкинская
Апарт-отель IT-rooms apartments,8.1/10,2 900,"Москва, ш. Варшавское, д. 125, стр. 1",Южная
Гостиница Ring Road,9.4/10,5 500,"Москва, ул. Беговая, д. 7",Беговая
Отель Юджин,9.1/10,3 000,"Москва, ул. Фридриха Энгельса, д. 20С1",Бауманская
Отель Norke ВАРШАВСКАЯ,8.7/10,3 520,"Москва, ул. Болотниковская, д. 5",Варшавская
Отель Арома на Кожуховской,8.9/10,2 270,"Москва, ул. Петра Романова, д. 7, стр. 2",Кожуховская
Гостиница Славянка Москва,9.1/10,2 880,"Москва, Суворовская площадь 2/3, 6 км трассы М-8",Достоевская
Отель Арфа,9.1/10,1 930,"Москва, ул. 1-я Новокузьминская, д. 19",Рязанский Проспект
Отель Лемар,8.5/10,4 000,"Москва, Расторгуевский пер., д. 4, стр. 2",Улица 1905 года
Отель Norke Prime Бауманская,9.1/10,4 400,"Москва, ул. Доброслободская, д. 6с1",Бауманская
Апарт-отель Loftet Apartments,8.7/10,2 700,"Москва, ул. Петра Романова, д. 7с1",Кожуховская
Апартаменты Потрясающая 4-х комнатная квартира у Кремля,10/10,18 000,"Москва, ул. Тверская, д. 6с3",Театральная
Отель Династия Лефортово,8.7/10,2 900,"Москва, ул. Красноказарменная, д. 3а",Лефортово
Отель Сити Комфорт,8.7/10,2 700,"Москва, Малый Златоустинский пер., д. 3",Китай-город
Kirin Hotel,9.1/10,1 380,"Москва, ул. Тверская, д. 12/6А",Тверская
Берси Арбат Отель,7.8/10,3 500,"Москва, ул. Новый Арбат, д. 16",Арбатская
Отель Hartwell Hotel Moscow,8.9/10,11 880,"Москва, ул. Садово-Кудринская, д. 21, корп. 5",Маяковская
Отель Холидей Инн Москва Сокольники,9.4/10,8 500,"Москва, ул. Русаковская, д. 24",Сокольники
Гостиница Измайлово Брентон Клуб Дельта,9.1/10,4 100,"Москва, Измайловское ш., д. 71к4ГД",Партизанская
Мини-отель Зеленый,9.1/10,3 999,"Москва, ул. Большая Черемушкинская, д. 32, к. 2",Академическая
Отель Арт Галактика,7.9/10,1 200,"Москва, ул. Садовая-Каретная, д. 20, стр. 3",Цветной бульвар
Отель ВО (VO Hotel),7.9/10,2 790,"Москва, ул. Нагорная, д. 26, корп. 1",Нагорная
Бутик-Отель Петровка 26,9.6/10,13 700,"Москва, ул. Петровка, д. 26с8",Трубная
Бутик-Отель Мастер Арбат,9.3/10,8 500,"Москва, пер. Сивцев Вражек, д. 45, стр. 1",Смоленская
Отель Облака,9.4/10,3 366,"Москва, ул. Крутицкий Вал, д. 8/22",Крестьянская застава
Гостиница DoubleTree by Hilton Moscow-Marina,9.1/10,11 800,"Москва, Ленинградское ш., д. 39, стр 1",Водный Стадион
Мини-отель Чистопрудный,9.3/10,4 400,"Москва, ул. Чаплыгина, д. 6",Чистые Пруды
Мини-отель На Цветном Бульваре,8.7/10,1 490,"Москва, ул. Садовая-Каретная, д. 20с1",Цветной бульвар
Отель Mercure Арбат Москва,9.3/10,8 500,"Москва, пл. Смоленская, д. 6",Смоленская
Хостел Shelterz Три Вокзала,9.1/10,1 050,"Москва, ул. Каланчёвская, д. 6/2с2",Красные Ворота
Бутик-Отель Vertical Boutique Таганская,8.9/10,5 635,"Москва, ул. Малые Каменщики, д. 16",Таганская
Business apartments,9.3/10,"5 803,20","Москва, Ходынский б-р, д. 20А",ЦСКА
ГородОтель на Киевском,8.3/10,2 700,"Москва, пл. Киевского вокзала, д. 1",Киевская
Axel Hostel,9.3/10,"757,50","Москва, ул. Садовническая, д. 78с7",Павелецкая
Отель Гестен,9.3/10,3 744,"Москва, наб. Садовническая, д. 17",Новокузнецкая
Апарт-отель Улитка,9.6/10,1 000,"Москва, пер. 3-й Михалковский, д. 15к3",Коптево
П17 Отель,9.8/10,7 920,"Москва, ул. Петровка, д. 17с1",Трубная
Мини-отель Академик,9.3/10,3 750,"Москва, ул. Новочеремушкинская, д. 13",Академическая
Апарт-отель Raido.Moscow Big City,9.4/10,3 750,"Москва, Хорошёвское ш., д. 38с2",Беговая
Отель Сенатор,7.8/10,5 250,"Москва, ул. Кржижановского, д. 5к1",Профсоюзная
Гостиница Сокол,8.9/10,3 650,"Москва, Чапаевский пер., д. 12, 9 км трассы М10",Сокол
Гостевой дом Добрынинский,9.1/10,1 390,"Москва, ул. Люсиновская, д. 11/12с1",Добрынинская
Гостиница Билибин Гарден,9.1/10,6 050,"Москва, ул. Садовническая, д. 5",Новокузнецкая
Отель Фили Хаус,9.3/10,5 000,"Москва, ул. Тучковская, д. 11, корп. 2",Фили МЦД-1
Гостиница Старый город Home Hotel,9.3/10,6 500,"Москва, ул. Большая Дмитровка, д. 8/5",Театральная
Отель Максима Ирбис,9.1/10,3 230,"Москва, ул. Гостиничная, д. 1",Петровско-Разумовская
Апарт-отель YE'S Botanica,9.4/10,5 500,"Москва, ул. 1-я Леонова, д. 18",Ботанический Сад
Отель Академическая,8.9/10,3 900,"Москва, ул. Донская, д. 1",Октябрьская
Отель Лофт на Крымской,9.1/10,3 240,"Москва, Севастопольский пр-кт, д. 7к7",Верхние Котлы
Гостиница Подъезд № 2,9.1/10,3 000,"Москва, ул. Воронцовская, д. 21, стр. 1",Таганская
Гостиница Select Hotel Paveletskaya,9.4/10,5 500,"Москва, Стремянный пер., д. 11",Павелецкая
Гостиница Panorama City Federation,8.1/10,14 707,"Москва, Пресненская набережная, д. 12, 53 этаж",Международная
Апарт-отель Discovery,9.3/10,4 900,"Москва, Волоколамское ш., д. 71/22к3",Спартак
Отель Волынское,9.3/10,13 000,"Москва, ул. Староволынская, д. 9",Минская
Гостиница Звездная,8.3/10,4 350,"Москва, ул. Аргуновская, д. 2, кор. 1",Улица Академика Королёва
Гостиница РСВО,8.9/10,3 500,"Москва, Старокаширское ш., д. 2, корп. 10",Варшавская
Отель 17/3 Capsule hotel and lounge,9.4/10,1 450,"Москва, ул. Петровка, д. 17, с. 3",Чеховская
Отель Лафаетт,8.5/10,"3 391,50","Москва, ул. Тверская, д. 12/9",Тверская
Гостиница Царицынский комплекс,8.9/10,2 500,"Москва, ул. Каспийская, д. 36",Царицыно МЦД-2
Отель Пальмира Бизнес Клуб,9.6/10,8 920,"Москва, Новоданиловская наб., д. 6, к. 2",Верхние Котлы
Отель Good Point,8.1/10,2 000,"Москва, пер. Переведеновский, д. 2с1",Бауманская
Отель Skyada,8.9/10,6 438,"Москва, ул. Мосфильмовская, д. 55",Раменки
Бутик-Отель Регул,9.6/10,6 890,"Москва, пер. Дегтярный, д. 8, стр. 2",Пушкинская
Отель Электрон,8.7/10,2 700,"Москва, пр. Андропова, д. 38к2, 11 км трассы М-6 (Р22)",Коломенская
Гостиница Ариум,9.3/10,7 100,"Москва, ул. Малая Дмитровка, д. 25/3",Маяковская
Гостиница Riverside,8.7/10,5 000,"Москва, пр. Кутузовский, д. 2/1, корп. 1б",Киевская
Хостел Авиатор у Трех вокзалов,8.3/10,800,"Москва, ул. Ольховская, д. 14, стр. 5",Красносельская
Гостиница Погости.ру на Славянском бульваре,8.9/10,6 000,"Москва, ул. Кременчугская, д. 9",Давыдково
Апарт-отель Knokey Хорошёвская,8.9/10,4 350,"Москва, ул. 1-я Магистральная, д. 25",Полежаевская
Отель Минима Белорусская,8.7/10,3 850,"Москва, ул. Лесная, д. 20, стр. 2",Менделеевская
Мини-отель The 7 Dreams,8.7/10,5 100,"Москва, 3-й Перова Поля пр-д, д. 8",Перово
Гостиница Наследие,8.5/10,2 200,"Москва, ул. Космонавтов, д. 2",ВДНХ
Хостелы Круассан,8.9/10,1 100,"Москва, наб. Космодамианская, д. 40-42, стр. 3",Таганская
Отель Maslov Hotel,9.4/10,2 808,"Москва, ул. Мироновская, д. 38",Измайлово
Отель Концерт на Таганской,8.9/10,"2 626,50","Москва, Тетеринский пер., д. 12с4",Марксистская
Отель ГородОтель на Ленинградском,8.7/10,6 600,"Москва, пл. Комсомольская, д. 3",Комсомольская
Гостиница на Цветном,8.9/10,4 185,"Москва, б-р Цветной, д. 25, стр. 7",Цветной бульвар
Отель Премьера,8.9/10,2 900,"Москва, ул. 7-ая Парковая, д. 33к6",Щелковская
Гостиница Измайлово Дельта Sky Hotel Group,8.9/10,4 200,"Москва, Измайловское ш., д. 71, корп. 4г",Партизанская
Гостиница Металлург,8.3/10,2 925,"Москва, пер. Октябрьский, д.12",Достоевская
Отель Заречье,8.9/10,4 000,"Москва, ул. Люсиновская, д. 62",Шаболовская
Мини-отель Клюква,8.7/10,4 650,"Москва, ул. Долгоруковская, д. 40",Новослободская
Гостиница N-House,8.9/10,5 200,"Москва, ул. Пятницкая, д. 2/38 стр.3",Новокузнецкая
Гостиница Веллион Павелецкая,9.3/10,3 650,"Москва, ул. Бахрушина, д. 21/4",Павелецкая
Гостиница ВАЛС,8.9/10,2 373,"Москва, ул. Дубининская, д. 35",Павелецкая
Отель ApeironSpace,9.8/10,11 385,"Москва, Раушская набережная, д. 4/5с1",Новокузнецкая
Апарт-отель Точка,9.4/10,5 800,"Москва, Спартаковская пл., д. 16/15, c. 1",Бауманская
Отель На Бауманской,7.2/10,2 200,"Москва, ул. Фридриха Энгельса, д. 31/35",Бауманская
Отель Плаза,9.3/10,4 900,"Москва, ул. Лухмановская, д. 37",
Отель Norke Prime Сретенская,9.3/10,4 400,"Москва, ул. Сретенка, д. 36",Сухаревская
Д-отель на Тверской,8.9/10,6 844,"Москва, ул. Тверская, д. 5/6",Охотный Ряд
Ахоум-отель на Окружной,8.9/10,2 220,"Москва, Дмитровское ш., д. 46, корп. 2",Окружная МЦД-1
Апартаменты ЖК Сити Микс,9.1/10,3 362,"Москва, ш. Востряковское, д. 7с2",Озёрная
Отель Малетон (Анохина),9.1/10,6 400,"Москва, ул. Академика Анохина, д. 11А",Юго-западная
Апарт-отель Волга,9.3/10,6 200,"Москва, ул. Большая Спасская, д. 4",Сухаревская
Ахаус-отель на Нахимовском проспекте,8.9/10,2 150,"Москва, Нахимовский пр-т, д. 2",Нахимовский Проспект
Апарт-отель Особняк 1830 на Съезжинском,10/10,10 640,"Москва, пер. Съезжинский, д. 10с2",Площадь Ильича
Отель Москва Марриот Румс в Саду,8.7/10,7 130,"Москва, ул. Николоямская, д. 38/23с3",Марксистская
Бизнес-отель Времена Года Таганская,9.3/10,5 400,"Москва, ул. Верхняя Радищевская, д. 14",Марксистская
Park Tower,9.1/10,5 670,"Москва, Дмитровское ш., д. 27",Тимирязевская МЦД-1
Гостиница Веллион Водный,9.1/10,3 800,"Москва, Головинское ш., д. 8к2а",Водный Стадион
Мини-отель Хамовники,9.3/10,5 000,"Москва, Комсомольский пр-т, д. 15, стр. 2",Фрунзенская
Отель Вилладжио,8.9/10,4 500,"Москва, ул. Пречистенка, д. 37, стр. 2",Парк Культуры
Бутик-Отель СИТИ'КО на Чистых прудах,8.7/10,3 150,"Москва, Кривоколенный пер-к, д. 14с2",Чистые Пруды
Гостиница Университетская,8.7/10,3 900,"Москва, Мичуринский пр-т, д.8, стр.1",Ломоносовский проспект
Капсульный отель Венеция в сердце моём,9.4/10,2 100,"Москва, ул. Садовая-Спасская, д. 17/2",Красные Ворота
Отель МИРА,9.3/10,5 220,"Москва, ул. Дурова, д. 36",Проспект Мира
Отель Луна и Лотос,9.1/10,3 700,"Москва, ул. Ярославская, д. 15, стр. 2",ВДНХ
Гостиница Сокольники,8.9/10,3 400,"Москва, ул. Первая Боевская, д. 6",Сокольники
Гостиница Апельсин,8.5/10,4 900,"Москва, ул. Краснопрудная, д. 22а",Красносельская
Отель Денисовский Дворик,9.3/10,4 400,"Москва, ул. Бауманская, д. 58/25, корп. 8",Бауманская
Отель Олива,9.3/10,4 280,"Москва, ул. Большая Серпуховская, д. 60",Серпуховская
Апарт-отель Наумов на Лубянке,9.1/10,6 500,"Москва, ул. Малая Лубянка, д. 16",Тургеневская
Гостиница Apple Dream Hotel,9.1/10,4 420,"Москва, ул. Валовая, д. 32/75 стр. 1",Добрынинская
Мастер-Отель Останкино,8.7/10,4 500,"Москва, ул. Академика Королева, д. 10",Улица Академика Королёва
Отель Гостеприимный дом Семеновский,8.7/10,3 200,"Москва, ул. Лечебная, д. 3",Измайлово
Отель Русские Сезоны Комфорт Отель Поречье,8.9/10,2 700,"Москва, 2-ой квартал, д. 22/1",Алма-Атинская
Гостиница Авиамоторная,9.1/10,2 900,"Москва, 2-я Кабельная, д. 10",Авиамоторная МЦД-3
Гостиница Бригантина,8.9/10,3 000,"Москва, ул. Академика Скрябина, д. 8, корп. 3",Рязанский Проспект
Апартаменты LuxKV - Кутузовский 24,8.5/10,13 125,"Москва, пр-т Кутузовский, д. 24",Выставочная
Хостел Три Вокзала,7.6/10,700,"Москва, ул. Новая Басманная, д. 10, стр. 1",Красные Ворота
Апарт-отель Knokey Павелецкая,8.7/10,6 350,"Москва, пер. Стремянный, д. 2",Павелецкая
Гостиница Cosmos Moscow Paveletskaya,9.6/10,5 900,"Москва, ул. Кожевническая, д. 8с3",Павелецкая
Гостиница Силуэт,9.3/10,4 800,"Москва, 1-й Колобовский пер., д. 11",Трубная
Отель Travelroom,8.3/10,1 590,"Москва, ул. 3-я Ямского Поля, д. 30",Белорусская
Отель Trips,8.9/10,3 000,"Москва, Грохольский пер., д. 32, стр. 2",Площадь трёх вокзалов МЦД-4
Гостиница на Смирновской 25,9.1/10,3 900,"Москва, ул. Смирновская, д. 25, стр. 4",Калитники МЦД-2
Aparthotel,8.7/10,2 760,"Москва, ул. Первомайская, д. 117",Первомайская
Гостиница Измайлово Брентон Клуб Гамма,9.1/10,3 610,"Москва, Измайловское ш., д. 71к4ГД",Партизанская
Отель Norke КАЗАНСКИЙ,9.1/10,4 370,"Москва, ул. Новорязанская, д. 16, корп. 1",Комсомольская
Мини-отель Ладомир на Садовом,8.1/10,3 078,"Москва, пер. Большой Козловский, д. 12",Красные Ворота
Ester House,9.6/10,1 300,"Москва, Ботанический пер., д. 16",Проспект Мира
Отель Апельсин Чистые пруды,9.6/10,"3 384,74","Москва, б-р Чистопрудный, д. 11, стр. 1",Чистые Пруды
Отель Seven Hills,8.7/10,3 200,"Москва, Пестовский пер., д. 3с1",Марксистская
Арт Отель & Хостел Каретный ряд,8.7/10,1 150,"Москва, Большой Каретный пер., д. 22, стр.4",Цветной бульвар
Отель Максима Заря,9.1/10,3 040,"Москва, ул. Гостиничная, д. 4к9",Окружная МЦД-1
Отель Софи,8.7/10,4 085,"Москва, ул. Рождественка, д. 5/7, стр. 2",Кузнецкий Мост
Отель Клементин,9.1/10,4 260,"Москва, ул. Ольховская, д. 23с2",Красносельская
Отель Капучино,9.3/10,4 100,"Москва, пер. Электрический, д. 3/10с1",Белорусская МЦД-4
Апартаменты ApartLux на Зубовском,9.4/10,9 000,"Москва, б-р Зубовский, д. 29",Парк Культуры
Гостиница Дуэт-Отель,9.1/10,4 500,"Москва, ул. Академика Миллионщикова, д. 35к4",Каширская
Гостиница Погости на Тульской,9.1/10,5 900,"Москва, ул. Большая Тульская, д. 2",Тульская
Гостиница Камергерский,9.1/10,5 850,"Москва, пер. Камергерский, д. 6/5, стр. 3",Театральная
Гостиница Грибоедов,8.7/10,3 700,"Москва, Измайловское ш., д. 3А",Семеновская
Апарт-отель Raido.Moscow Forest,9.6/10,5 875,"Москва, ул. 2-я Рощинская, д. 10",Тульская
Апартаменты Киго Лайнер Восток,9.4/10,4 785,"Москва, Ходынский б-р, д. 2",ЦСКА
Хостел Есенин,9.1/10,"676,80","Москва, ул. Краснопрудная, д. 28",Красносельская
Отель Минима Китай-Город,8.7/10,4 020,"Москва, пр. Лубянский, д. 25, стр. 1",Китай-город
Отель Москва Салют Мандарин,8.5/10,3 680,"Москва, ул. Ольховская, д. 23, стр. 3",Красносельская
Пятницкая Hotel,9.3/10,8 668,"Москва, ул. Пятницкая, д. 3/4, стр. 2",Новокузнецкая
Отель Нагорный,8.7/10,3 000,"Москва, Электролитный пр-д, д. 1Б",Нагорная
Мини-отель Каширский,9.1/10,3 000,"Москва, Каширское ш., д. 9, корп. 1",Нагорная
Мини-отель Антик,9.6/10,5 900,"Москва, ул. Климашкина, д. 9",Улица 1905 года
Гостиница Дэтоль,9.4/10,3 900,"Москва, ул. Большая Филевская, д. 51, корп. 3",Пионерская
Гостиница Twelve Reasons,9.6/10,14 375,"Москва, ул. Земляной Вал, д. 56с3",Марксистская
Отель Сказка.Азия,8.9/10,3 100,"Москва, ш. Измайловское, д. 73ж, стр. 9",Партизанская
Отель Red Brick Presnya,8.9/10,5 490,"Москва, ул. Рочдельская, д. 15, стр. 22",Улица 1905 года
Отель Покровка 6,9.6/10,4 575,"Москва, ул. Покровка, д. 6",Чистые Пруды
Гостиница Crocus Tushino,7/10,2 800,"Москва, пр-д Донелайтиса, д. 14",Трикотажная МЦД-2
Отель PR Myasnitsky,9.3/10,9 390,"Москва, ул. Мясницкая, д. 13, стр. 3",Тургеневская
Отель Москва Марриот Мандарин Гарден Отель,8.3/10,4 005,"Москва, ул. Ольховская, д. 23",Красносельская
Апартаменты Новый Арбат 22 вид на Кремль,10/10,,"Москва, ул. Новый Арбат, д. 22",Смоленская
Отель Измайлово Гамма СБР Ника,9.1/10,3 600,"Москва, ш. Измайловское, д. 71к4Г-Д",Партизанская
Гостиница Державный,9.1/10,4 500,"Москва, ул. Ярославская, д. 8, корп. 2",ВДНХ
Гостиница Мистер Жулебин,9.3/10,4 400,"Москва, ул. Привольная, д. 2, стр. 1",Косино МЦД-3
Отель Рихтер,8.9/10,26 200,"Москва, ул. Пятницкая, д. 42",Третьяковская
Апартаменты LuxKV - Малая Филевская 4/1,8.5/10,3 150,"Москва, ул. Малая Филёвская, д. 4к1",Филевский Парк
Гостиница Дворец гимнастики Ирины Винер-Усмановой,9.3/10,8 500,"Москва, ул. Лужники, д. 24, стр. 24",Лужники
Бутик-Отель Печора,9.1/10,4 500,"Москва, Волоколамское ш., д. 62",Щукинская
Гостиница Старая Можайка,8.1/10,3 800,"Москва, рп. Новоивановское, д. 93, 2 км трассы М1",Немчиновка МЦД-1
Апарт-отель Loft на Окружной,9.1/10,3 220,"Москва, ул. Гостиничная, д. 10, к. 5",Окружная МЦД-1
Мини-отель Сокол,8.9/10,3 800,"Москва, ш. Волоколамское, д. 3",Сокол
Отель Радуга на 3-й Прядильной,8.9/10,800,"Москва, 3-ая Прядильная ул, 16А",Измайловская
Отель Spektrcity Hamovniki,8.9/10,4 950,"Москва, ул. Усачева, д. 35к1",Спортивная
Хостел Мама я в гостях,8.7/10,600,"Москва, Загородное ш., д. 8КВ",Крымская
Мини-отель На Мукомольном,9.1/10,4 400,"Москва, пр-д Мукомольный, д. 7, стр. 1",Шелепиха
Отель Мандарин,8.5/10,3 834,"Москва, ул. Ольховская, д. 23",Красносельская
Апарт-отель Эколайнер,9.3/10,4 900,"Москва, б-р. Ходынский, д. 20а, эт. 11",ЦСКА
Капсульный отель Dot Space 84,9.4/10,4 600,"Москва, наб. Пресненская, д. 12, эт. 84, апартаменты 8401",Международная
Мини-отель Ладомир в Филях,7.6/10,2 500,"Москва, ул. Василисы Кожиной, д. 14к2",Багратионовская
Гостиница Альфа Измайлово,9.6/10,5 190,"Москва, ш. Измайловское, д. 71ка",Партизанская
Апарт-отель Greenstone,9.8/10,6 400,"Москва, ул. Большая Переяславская, д. 14с1",Проспект Мира
Бутик-Отель 7 слонов,9.4/10,5 540,"Москва, ул. Маросейка, д. 7/8с1",Китай-город
Гостиница Ист-Вест,8.3/10,4 000,"Москва, Тверской бульвар, д. 14, стр. 4, 3 км трассы М10",Тверская
Отель Seven Hills на Трубной,9.1/10,3 700,"Москва, ул. Трубная, д. 15",Трубная
Гостиница Серпуховской Двор,9.3/10,3 500,"Москва, 2-ой Рощинский пр-д, д. 8",Ленинский Проспект
Бизнес-отель Алексеевский,8.1/10,3 100,"Москва, ул. Новоалексеевская, д. 20а, стр. 1",Алексеевская
Отель Roomley Сити,8.9/10,14 000,"Москва, Пресненская наб., д. 8с1",Выставочная
Апартаменты Киго Спартак,9.8/10,2 985,"Москва, ш. Волоколамское, д. 71/22к1",Спартак
Гостиница Измайлово Брентон,9.1/10,3 800,"Москва, ш. Измайловское, д. 71, к. 2Б",Партизанская
Отель Seven Hills на Брестской,8.9/10,4 700,"Москва, ул. 1-ая Брестская, д. 44",Белорусская
Санаторий Переделкино,8.7/10,5 200,"Москва, ул. 6-я Лазенки, д. 2",Переделкино МЦД-4
Отель Тайм,8.9/10,2 600,"Москва, ул. Судакова, д. 22/10",Люблино
Бизнес-отель Россо Рива,9.3/10,6 000,"Москва, Шлюзовая наб., д. 6 стр. 2",Павелецкая
Мини-отель Московье,9.6/10,5 900,"Москва, ул. Девятая Рота, д. 16с4",Преображенская Площадь
Парк-Отель Фили,8.9/10,3 900,"Москва, ул. Большая Филевская, д. 25/1",Багратионовская
Хостел Красная Москва,9.4/10,900,"Москва, ул. Садовая-триумфальная, д. 10/13, стр. 4",Маяковская
Отель Эрмитаж,8.7/10,5 775,"Москва, пер. Дурасовский, д. 7",Чкаловская
Отель Axel Hotel & Hostel,8.5/10,3 090,"Москва, Покровский б-р, д. 8с1",Чкаловская
Апарт-отель Knokey Басманный,9.6/10,7 100,"Москва, Басманный пер., д. 5",Комсомольская
Хостел FreeLife,8.5/10,700,"Москва, Известковый пер., д. 5, стр. 2",Марксистская
Отель Guenos Plaza,8.7/10,4 830,"Москва, ул. Коровий Вал, д. 1Ас3",Добрынинская
Отель Ситикомфорт на Новокузнецкой,8.5/10,3 000,"Москва, наб. Овчинниковская, д. 6, стр. 2",Новокузнецкая
Гостевой дом Пафос на Лубянке,7.9/10,2 325,"Москва, Варсонофьевский пер., д. 8с2",Кузнецкий Мост
Отель Norke КРАСНОСЕЛЬСКАЯ,8.7/10,4 780,"Москва, ул. Краснопрудная, д. 24, корп. 2",Красносельская
Viewpoint Hotel,9.1/10,9 250,"Москва, наб. Садовническая, д. 7",Новокузнецкая
Круиз Румянцево,7.9/10,2 970,"Москва, п. Мосрентген, Квартал № 9, д. 210",Румянцево
Отель Везендорф-Таганка,8.9/10,3 900,"Москва, ул. Абельмановская, д. 9, стр. 1",Пролетарская
Отель Содерис Резиденс & СПА,9.4/10,5 350,"Москва, ул. 2-я Бородинская, д. 20",Киевская
Хостел Город Снов,9.6/10,1 350,"Москва, ул. Милашенкова, д. 9а, пом. 1/2",Фонвизинская
Хостел ОСТТРОВ,9.1/10,700,"Москва, Космодамианская наб., д. 4/22А",Новокузнецкая
Отель Ключевой Элемент,9.3/10,3 680,"Москва, ул. Большая Никитская, д. 24/1, стр. 5",Арбатская
от3 900руб.,9.6/10,3 900,"Москва, ул. Беговая, д. 11",Беговая
Мини-отель NORD INN,8.3/10,2 438,"Москва, 3-я ул. Ямского поля, д. 20, стр. 2",Белорусская
Отель Палаты Хованских,9.6/10,5 190,"Москва, пер-к Старопименовский, д. 11с2",Маяковская
Гостиница Лайт на Барвихинской,8.1/10,3 090,"Москва, ул. Барвихинская, д. 16, корп. 3, 1 км трассы М1",Сетунь МЦД-1
Starboard Side Hotel,9.6/10,6 000,"Москва, ул. Большая Тульская, д. 2",Тульская
Мини-отель Guest Room SAD 2,9.3/10,2 800,"Москва, б-р Цветной, д. 16/1",Трубная
Отель Чемодановъ,9.4/10,6 420,"Москва, ул. Покровка, д. 2/1, стр. 1",Китай-город
Мини-отель КАННА,9.3/10,5 000,"Москва, ул. Чаянова, 12",Новослободская
Гостиница Золотой Компас,8.9/10,2 900,"Москва, ул. Ярославская, д. 10к1",ВДНХ
Апарт-отель Винтерфелл Стрешнево,9.3/10,6 090,"Москва, ш. Волоколамское, д. 81/2с3",Трикотажная МЦД-2
Мини-отель Ладомир на Зельевом,8.1/10,2 187,"Москва, пер. Зелье, д. 3",Преображенская Площадь
Мини-отель Южный порт,9.1/10,3 960,"Москва, 2-й Южнопортовый пр-д, д. 5/1",Кожуховская
Отель Клевер,9.3/10,5 600,"Москва, ул. Барышиха, д. 57б",Пятницкое шоссе
Отель Цветной Бульвар,9.6/10,6 000,"Москва, ул. Трубная, д. 17с2",Трубная
Отель Golden Horse,7.6/10,6 850,"Москва, пер. Большой Златоустинский, д. 2/8, стр.1",Лубянка
Гостиница Бута,9.3/10,4 700,"Москва, Варшавское ш., д. 21",Верхние Котлы
Отель Андрон на площади Ильича,8.3/10,2 160,"Москва, пер. Съезжинский, д. 8, ст. 1",Площадь Ильича
Мини-отель Выставка,8.9/10,3 500,"Москва, ул. 2-я Черногрязская, д. 10",Улица 1905 года
Гостиница Байкал,8.1/10,2 200,"Москва, ул. Сельскохозяйственная, д. 15, стр.1",Ботанический Сад
Хостел Travel Inn Тимирязевская,7.8/10,435,"Москва, ул. Ивановская, д. 23",Тимирязевская
Отель Ристория,8.1/10,4 600,"Москва, пр. Пролетарский, д. 45",Кантемировская
Мини-отель Brilliance,9.6/10,4 600,"Москва, ул. Гамалеи, д. 12",Щукинская
Отель Веллион Сухаревский,9.3/10,5 600,"Москва, ул. Большая спасская, д. 13/1",Сухаревская
Мини-отель на Таганской,8.9/10,1 390,"Москва, ул. Николоямская, д. 45с2",Марксистская
Отель Novy Arbat Residence,7.6/10,7 440,"Москва, Прямой пер., д. 3, стр. 1",Смоленская
Апартаменты Art Seasons Apartments,8.3/10,4 207,"Москва, ул. Казакова, д. 8с2",Курская МЦД-2
Мини-отель Benvenuti,9.4/10,3 400,"Москва, пр. Волгоградский, д. 105",Кузьминки
Комплекс апартаментов ВОСТОК,8.7/10,2 800,"Москва, ул. Гостиничная, д. 9",Окружная МЦД-1
Мини-отель City Garden Hotel Taganskaya,9.6/10,1 997,"Москва, ул. Земляной Вал, д. 54, стр. 2",Марксистская
ApartLux Профсоюзная,9.4/10,6 000,"Москва, ул. Профсоюзная, д. 19",Профсоюзная
Апартаменты Demiflat,8.7/10,2 645,"Москва, кв-л Южный, д. 9",Остафьево МЦД-2
Отель Кирпич,9.3/10,5 300,"Москва, ул. Лесная, д. 55",Менделеевская
Тверской Бутик отель Sleepy Tom,9.4/10,6 435,"Москва, пер. Старопименовский, д. 11 стр. 6",Маяковская
Отель ЛУНА,9.4/10,6 200,"Москва, ул. Ботаническая, д. 41 к. 7",Владыкино
Гостиница Сова на Белорусской,8.1/10,3 900,"Москва, ул. Грузинский Вал, д. 26, стр. 2",Белорусская МЦД-4
Отель Комфорт,8.1/10,2 800,"Москва, ул. Маршала Баграмяна, д. 4",Люблино
Апарт-отель Knokey Тверская,9.3/10,7 700,"Москва, ул. 2-я Брестская, д. 6",Маяковская
Гостиница Памир - Тянь-Шань,9.3/10,9 500,"Московская обл., Одинцовский р-н, д. Сколково, ул. Новая, д. 100",Немчиновка МЦД-1
Хостел Гутен Дак Москва,9.3/10,1 420,"Москва, пер. Потаповский, д.  8/12 с2",Чистые Пруды
Отель Садовое кольцо,9.3/10,8 000,"Москва, пр. Мира, д. 14с2",Сухаревская
Отель Ангелина на Рублевском,8.5/10,4 500,"Москва, ул. Истринская, д. 8, стр. 3",Кунцевская
Отель Лубянка Румс,9.4/10,"4 191,75","Москва, ул. Рождественка, д. 5/7с2",Кузнецкий Мост
Гостиница Винтерфелл на Третьяковской,8.9/10,2 290,"Москва, ул. Малая Ордынка, д. 24",Полянка
Гостиница НИКОНОВКА,9.3/10,4 555,"Москва, Никоновский пер., д. 3/1",Достоевская
Мини-отель Фрателли,9.3/10,5 040,"Москва, ул. Тверская, д. 12, стр. 2",Тверская
Отель The Rooms Boutique Hotel,9.3/10,7 130,"Москва, ул. Николоямская, д. 38/23с3",Марксистская
Парадис Отель на Чистых Прудах,8.7/10,4 000,"Москва, ул. Чаплыгина, д. 6",Чистые Пруды
Апартаменты LuxKV - Садовая-Триумфальная 4/10,8.7/10,4 500,"Москва, ул. Садовая-Триумфальная, д. 4/10",Маяковская
Мини-отель Чайковский,9.3/10,"5 162,08","Москва, ул. Большая Никитская, д. 24/1, стр. 6",Арбатская
Хостел Stalker Sokolniki,8.7/10,"1 244,50","Москва, ул. Стромынка, д. 11",Сокольники
Мини-отель Ладомир,8.7/10,2 500,"Москва, ул. Борисовские Пруды, д. 16к2",Борисово
Хостел Travel Inn на Комсомольской,7.8/10,590,"Москва, ул. Новая Басманная, д. 10с1",Красные Ворота
Garden Hotel,7.9/10,3 700,"Москва, ул. Старообрядческая, д. 12",Москва Товарная МЦД-2
Мини-отель Вилла Кадаши,9.6/10,8 645,"Москва, 2-й Кадашевский пер., д. 16с1",Третьяковская
Отель Сити Стар,9.4/10,3 900,"Москва, ул. 6-я Кожуховская, д. 3к2",Автозаводская
Гостиница Абсалют Измайлово ВЕГА,9.4/10,5 700,"Москва, Измайловское ш., д. 71, корп. 3В",Измайлово
Хостел Рус Чистые Пруды,8.5/10,900,"Москва, пер. Архангельский, д. 11/16с3",Чистые Пруды
Гостиница Fortis,9.3/10,4 400,"Москва, ул. Шарикоподшипниковская, д. 11, стр. 7",Дубровка
Апарт-отель Наумов на Сретенке 1,8.9/10,7 500,"Москва, ул. Сретенка, д. 1, 1 км трассы М-6 (Р22)",Сретенский бульвар
Апарт-отель Port Comfort on Pokrovka,9.3/10,3 060,"Москва, ул. Покровка, д. 29",Курская
Отель Ситипарк,9.4/10,3 515,"Москва, ул. Годовикова, д. 7а",Алексеевская
Хостел Макаров,8.5/10,850,"Москва, ул. Садовническая, д. 22, стр. 2",Новокузнецкая
Апарт-отель Knokey Петровский парк,9.6/10,5 000,"Москва, Ленинградский пр-кт, д. 35с2",Петровский парк
Гостиница Даниловская,9.3/10,5 040,"Москва, Большой Староданиловский пер., д. 5",Тульская
Отель Гостеприимный дом Ботанический,8.9/10,3 000,"Москва, Лазоревый пр-д, д. 12",Ботанический Сад
Апарт-отель Knokey Алексеевская,4.4/10,5 600,"Москва, ул. Новоалексеевская, д. 16к2",Алексеевская
Гостиничный Холдинг МОМИ,9.3/10,3 472,"Москва, ул. Автозаводская, д. 17к1",Автозаводская
Отель Строгино Экспо,7.6/10,5 723,"Москва, ул. Таллинская, д. 26",Строгино
Гостиница KristInn,9.1/10,4 000,"Москва, 1-ый пр-д Перова Поля, д. 9, стр. 1",Перово
Гостиница Озерковская,9.3/10,4 500,"Москва, Озерковская Набережная, д. 50/2",Павелецкая
Отель Петровка 17,8.9/10,4 256,"Москва, ул. Петровка, д. 17с5",Чеховская
Мини-отель Time.House,9.3/10,3 000,"Москва, пр-д Кутузовский, д. 6",Кутузовская МЦД-4
Апартаменты LuxKV - Смоленский,9.6/10,4 500,"Москва, пер. 1-й Смоленский, д. 24",Смоленская
Мини-отель Оранжевый Рай,8.3/10,2 290,"Москва, ул. Нижние Поля, д. 31, стр.1",Перерва МЦД-2
от3 700руб.,8.9/10,3 700,"Москва, Коровинское ш., д. 13 к 2",Моссельмаш МЦД-3
Отель Ирониум,8.3/10,4 600,"Москва, Колпачный пер., д. 4с4",Чистые Пруды
Отель Минт на Тишинке,8.9/10,2 070,"Москва, Средний Тишинский пер., д. 24-26, стр. 1",Белорусская МЦД-4
Гостиница На Казачьем,8.9/10,6 340,"Москва, Казачий 1-й пер., д. 4",Полянка
Хостел Ва-банк,9.1/10,803,"Москва, Потаповский пер., д. 12",Чистые Пруды
Мини-отель Мираж на Юрловском проезде,9.4/10,2 700,"Москва, пр-д Юрловский, д. 14к1",Бибирево
Апартаменты КИГО лайнер,9.3/10,2 250,"Москва, Ходынский б-р, д. 2",ЦСКА
Отель Тайм 2,8.9/10,3 100,"Москва, ул. Ставропольская, д. 14",Люблино МЦД-2
Апарт-отель Knokey Савёловская SkyView,9.4/10,5 200,"Москва, ул. Новодмитровская, д. 2к1а",Дмитровская
Апартаменты Уютная студия возле метро Бауманская,8.9/10,3 996,"Москва, ул. Радио, д. 14с1",Бауманская
Отель Арион,9.3/10,5 700,"Москва, ул Автозаводская, 1, 3 этаж",Автозаводская
Мини-отель Arthoff,9.4/10,5 990,"Москва, ул. Большая Почтовая, д. 34с4А",Электрозаводская МЦД-3
Отель Norke Prime Зарядье,9.1/10,5 175,"Москва, Подколокольный пер., д. 8с6",Китай-город
Отель BookHome,8.3/10,2 800,"Москва, ул. Малая Грузинская, д. 3-9",Краснопресненская
Отель Воронцовский,9.3/10,6 780,"Москва, Воронцовский пер., д. 5/7 стр. 2",Крестьянская застава
от5 500руб.,8.9/10,5 500,"Москва, ул. Профсоюзная, д. 4",Академическая
Апарт-отель На Таганке возле Кремля,9.4/10,"8 327,70","Москва, ул. Николоямская, д. 38, стр. 1",Марксистская
Гостиница Мария,8.7/10,3 000,"Москва, ул. Верхняя Первомайская, д. 49А",Первомайская
Отель Апельсин на Лобачевского,8.9/10,3 500,"Москва, ул. Лобачевского, д. 52к1",Проспект Вернадского
Гостиница Реакомп,8.5/10,3 500,"Москва, Протопоповский пер-к, д. 9, стр. 1",Проспект Мира
Гостиница День и Ночь на Мичуринском,8.7/10,6 000,"Москва, пр. Мичуринский, д. 29, корп. 1",Раменки
Хостел Илиан,8.9/10,830,"Москва, ул. 5-я Магистральная, д. 14, стр. 1",Беговая МЦД-1
Отель Милан,9.3/10,8 820,"Москва, ул. Шипиловская, д. 28А",Домодедовская
Мини-отель Benvenuti hotel-2,9.4/10,3 400,"Москва, ул. Юных Ленинцев, д. 73, корп. 1",Кузьминки
Отель Арт-отель Моцарт,8.5/10,4 210,"Москва, Марксистская ул., д. 20с9",Марксистская
Гостиница Крон-Отель,8.7/10,4 185,"Москва, Ленинградское ш., д. 61, стр. 4",Речной Вокзал
Отель Медея,9.4/10,6 500,"Москва, Пятницкий пер., д. 4с1, 6 км трассы М-6 (Р22)",Новокузнецкая
Отель Innova Hotel,8.5/10,4 280,"Москва, ул. Зацепа, д. 27",Павелецкая
Отель Джентэльон,8.9/10,7 085,"Москва, ул. 1-я Брестская, д. 38, стр. 1",Маяковская
Отель Алеон,9.4/10,5 310,"Москва, ул. Валовая,32/75 стр. 1 этаж 2",Добрынинская
Гостиница Новый Восход,8.3/10,2 490,"Москва, Алтуфьевское ш., д. 2",Владыкино
от3 600руб.,9.4/10,3 600,"Москва, ул. Академика Миллионщикова, д. 31",Каширская
Отель Покровский Дом,9.1/10,5 400,"Москва, ул. Покровка, д. 43, стр. 2",Курская
Хостел Rooms,8.1/10,850,"Москва, ш. Энтузиастов, д. 26",Авиамоторная МЦД-3
Отель Мелтон,8.5/10,3 650,"Москва, ул. Барышиха, д. 40, корп. 1",Пятницкое шоссе
Гостиница МосУз центр,8.9/10,4 420,"Москва, ул. Зеленодольская, д. 3, стр. 2",Рязанский Проспект
Уют на улице Маршала Кожедуба,8.3/10,2 800,"Москва, ул. Маршала Кожедуба, д. 8",Люблино
Апартаменты Квартира Свободна - Новый Арбат 26,9.4/10,"5 119,20","Москва, ул. Новый Арбат, д. 26",Смоленская
Хостел Good Mood Hostel,9.4/10,1 600,"Москва, Малый Златоустинский пер-к, д. 2",Китай-город
Хостел HotelHot Бауманская,7.8/10,440,"Москва, ул. Спартаковская, д. 6, стр. 2",Бауманская
Отель Палермо,9.4/10,3 900,"Москва, ул. Чистова, д. 19",Волжская
Мини-отель Ладомир на Русаковской,8.3/10,2 700,"Москва, ул. Русаковская, д. 28",Сокольники
Отель Везендорф,9.4/10,4 880,"Москва, ул. Инессы Арманд, д. 8/17",Битцевский парк
Отель Вега Измайлово,9.3/10,4 675,"Москва, Измайловское ш. 71, стр. 3В",Партизанская
Апарт-отель Moscow Tower,9.8/10,,"Москва, Ленинградский пр-кт, д. 34А",Динамо
Гостиница Первомайская,8.7/10,3 600,"Москва, ул. Нижняя Первомайская, д. 77, стр. 1",Первомайская
Отель Таёжный,9.1/10,4 000,"Москва, Волоколамское шоссе, 89/1",Трикотажная МЦД-2
Отель Измайлово Дельта СБР Ника,9.3/10,4 200,"Москва, ш. Измайловское, д. 71к4Г-Д",Партизанская
Хостел Travel Inn Преображенская,7.9/10,460,"Москва, ул. 9-я Рота, д. 16, стр. 2",Преображенская Площадь
Отель Вояж Парк,9.1/10,4 800,"Москва, ул. Крылатская, д. 12, корп. 4",Мневники
Отель Orange House,8.1/10,3 400,"Москва, пр. Севастопольский, д. 7/8",Верхние Котлы
Flori hotel,8.7/10,3 230,"Москва, ул. 5-я Кабельная, д. 2с1",Нижегородская
Гостиница Митино,8.7/10,3 200,"Москва, Пятницкое ш., д. 18",Волоколамская
Мини-отель Отдых-4,7.9/10,2 400,"Москва, ул. Армавирская, д. 3",Люблино
Гостиница Арбат,9.3/10,6 400,"Москва, Плотников пер., д. 12",Смоленская
Апартаменты AP-iN aparts,9.8/10,8 400,"Москва, ул. Василисы Кожиной, д. 13, подъезд 2",Багратионовская
Гостиница Соколиная гора,9.1/10,3 700,"Москва, 3-я ул. Соколиной Горы, д. 19",Шоссе Энтузиастов
Хостел ДобролюбовЪ,8.5/10,530,"Москва, ул. Добролюбова, д. 14а",Бутырская
Апартаменты Смоленская 10,9.3/10,5 850,"Москва, ул. Смоленская, д. 10",Смоленская
Отель Florinn,9.3/10,5 124,"Москва, ул. Тверская, д. 12с7",Тверская
Мини-отель Панорама Сити,8.9/10,13 481,"Москва, наб. Пресненская, д. 6, стр. 2, этаж 48",Выставочная
Мини-отель Nordic Rooms,9.1/10,4 200,"Москва, ул. Большая Марьинская, д. 2",Алексеевская
Гостиница Юность,8.1/10,4 500,"Москва, ул. Хамовнический Вал, д. 34",Спортивная
Отель и апартаменты Звезды Арбата,9.3/10,10 800,"Москва, ул. Новый Арбат, д. 32",Смоленская
Апарт-отель Weekend Inn,9.3/10,3 400,"Москва, ул. Пятницкая, д. 10 с. 1",Новокузнецкая
Мини-отель Риверсайд Коломенское,8.7/10,3 600,"Москва, Нагатинская наб., д. 46",Технопарк
Отель Хитровка,9.1/10,5 290,"Москва, Певческий пер., д. 4",Китай-город
Капсульный хостел Арбат 25,8.3/10,903,"Москва, ул. Арбат, д. 25/36",Арбатская
Апартаменты LuxKV - 1-й Тверской-Ямской пер,9.8/10,"6 806,70","Москва, пер. 1-й Тверской-Ямской, д. 14",Маяковская
Апартаменты FoRRest Vodny,8.7/10,3 938,"Москва, Кронштадтский бульвар, д. 6к3",Водный Стадион
Отель Скайвью Сити,8.7/10,4 000,"Москва, ул. Большая Никитская, д. 24/1, стр. 6",Арбатская
от4 400руб.,9.1/10,4 400,"Москва, пер. Дегтярный, д. 15",Чеховская
Мини-отель Ладомир на Уральской,8.9/10,2 250,"Москва, ул. Уральская, д. 23к4",Щелковская
Апартаменты Премиум Апартмент Павелецкая,9.6/10,4 000,"Москва, ул. Дубининская, д. 11/17с3",Павелецкая
Отель Космо Мандарин Москва Гамма,8.5/10,3 680,"Москва, ул. Ольховская, д. 23",Красносельская
Мини-отель HAYAT,8.5/10,4 025,"Москва, ул. Краснодарская, д. 66",Люблино
Отель Hanzer,8.9/10,"3 271,56","Москва, пер. Большой Головин, д. 25",Сухаревская
Апартаменты JackPot Energy Hotel,9.3/10,3 900,"Москва, пер. Грохольский, д. 32, стр. 2",Площадь трёх вокзалов МЦД-4
Отель Сити'ко на Пушкинской,10/10,5 500,"Москва, пер. Козицкий, д. 1Ас2",Чеховская
Гостиница Садовническая City Center,9.4/10,6 710,"Москва, ул. Садовническая, д. 20с1",Новокузнецкая
Гостиница Комфорт Класс,8.9/10,3 700,"Москва, ул. Часовая, д. 11",Аэропорт
Апартаменты Уютная четверка рядом с Тверской и Кремлем,9.8/10,15 000,"Москва, пер. Старопименовский, д. 16",Маяковская
Апартаменты KIGO Park Legend,9.4/10,1 550,"Москва, ул. Автозаводская, д. 23, стр. 120/6, кв. 9",ЗИЛ
Апартаменты В ЖК Технопарк,7.2/10,3 389,"Москва, ул. Автозаводская, д. 23с931к3",Технопарк
Хостел Братиславская,9.6/10,1 000,"Москва, ул. Братиславская, д. 6",Братиславская
Дизайнерские апартаменты у м. Динамо,9.8/10,8 710,"Москва, Ленинградский пр-т, д. 35с2",Петровский парк
Мини-отель Ладомир на Яузе,8.1/10,2 500,"Москва, пер. Большой Матросский, д. 1",Электрозаводская
Гостиница Апельсин Преображенская площадь,8.1/10,3 500,"Москва, ул. Краснобогатырская, д. 44а",Преображенская Площадь
Гостиница Glenver Garden 4*,9.3/10,6 690,"Москва ул. Кожевническая, д. 4",Павелецкая
Хостел Мир,9.1/10,650,"Москва, ул. Бауманская, д. 56/17",Бауманская
Мини-отель Мери Поппинс Арбат,8.9/10,6 790,"Москва, ул. Большая Молчановка, д. 30/7, стр. 1",Смоленская
Апартаменты ЖК Донской Квартал,9.1/10,3 389,"Москва, пер. Духовской, д. 19с2",Тульская
Апартаменты KIGO Moscow City,9.8/10,9 500,"Москва, Пресненская набережная, д. 12",Международная
Отель Формула За рулём,8.3/10,"1 939,50","Москва, 5-й пр-д Подбельского, д. 4А",Бульвар Рокоссовского
Хостел ArtCapsule,8.5/10,900,"Москва, ул. ​Николоямская, д. 52 ст.2",Марксистская
Гостиница Акварель,7.9/10,2 400,"Москва, ул. Монтажная, д. 7, стр. 8",Щелковская
Хостел Города Мира,9.3/10,1 050,"Москва, ул. Красина, д. 27с2, этаж 2",Маяковская
Отель Chez Michel,9.4/10,5 000,"Москва, ул. Красная Пресня, д. 13",Краснопресненская
Хостел Милан,9.1/10,1 000,"Москва, Шубинский пер., д. 2/3",Смоленская
Отель Таганка,8.9/10,4 600,"Москва, ул. Марксистская, д. 34с2",Крестьянская застава
от3 800руб.,9.3/10,3 800,"Москва, Малый Златоустинский пер., д. 2",Китай-город
Апартаменты Двухкомнатные на Арбате,10/10,9 855,"Москва, пер. Калошин, д. 6с1",Смоленская
от3 900руб.,8.9/10,3 900,"Москва, ул. 4-я Тверская-Ямская, д. 8/9",Маяковская
Отель Винтерфелл на Арбате,8.7/10,2 390,"Москва, Трубниковский пер., д 24, стр. 1",Смоленская
Бутик-Отель Мясницкий,9.3/10,6 890,"Москва, ул. Мясницкая, д. 14/2, стр. 1",Лубянка
Апартаменты BAFY HOME на нахимовском проспекте,5.5/10,3 799,"Москва, пр-кт Нахимовский, д. 31к3",Профсоюзная
Хостел На Пресне,8.1/10,750,"Москва, Большой Тишинский пер., д. 8, стр. 1",Белорусская МЦД-4
Апарт-отель На Ходынке,8.9/10,6 625,"Москва, Ходынский б-р, д. 20а, Сектор Г, 8 этаж",ЦСКА
Мини-отель Солотель,8.5/10,3 080,"Москва, ул. Тверская, д. 12, стр. 2",Тверская
Мини-отель Базис-М,9.3/10,4 130,"Москва, Чистопрудный б-р, д. 11, стр. 1",Чистые Пруды
Апартаменты Квартира Свободна - Новый Арбат 10,9.3/10,"5 119,20","Москва, ул. Новый Арбат, д. 10",Арбатская
Гостиница Учебный центр профсоюзов,8.7/10,2 200,"Москва, пос. Дубровский, Советская, д. 11",Битца МЦД-2
Хостел Mila Guest House,9.1/10,1 400,"Москва, Большой Каретный пер., д. 8, стр. 1",Цветной бульвар
Отель Арткорт Москва Центр,9.1/10,10 000,"Москва, Вознесенский пер., д. 7, 3 км трассы М10",Охотный Ряд
Отель B.60,9.6/10,11 000,"Москва, ул. 1-я Брестская, д. 60",Белорусская
Гостиница Винтерфелл на Бауманской,8.9/10,2 090,"Москва, ул. Малая почтовая, д. 2/2",Бауманская
Отель Ватсон,9.3/10,"5 117,50","Москва, ул. Новая Басманная, д. 35",Бауманская
Отель Инь-Янь,8.7/10,3 500,"Москва, ул. Татищева, д. 3",Шаболовская
Бутик-Отель Де Пари,9.3/10,7 550,"Москва, ул. Большая Бронная, д. 23, стр. 3",Пушкинская
Апарт-отель Garden Embassy,9.3/10,8 330,"Москва, Ботанический пер., д. 5",Проспект Мира
Гостиница Сервис размещения Вега Измайлово (Фаворит),9.3/10,4 500,"Москва, Измайловское ш., д. 71, 3в",Партизанская
Хостел Анохин,9.1/10,870,"Москва, ул. Академика Анохина, д. 13",Юго-западная
Хостел Милан на Дубининской,8.9/10,1 260,"Москва, ул. Дубининская, д. 11с2, п. 6",Павелецкая
X1 Апарт-Отель на Войковской,9.3/10,4 270,"Москва, ул. Зои и Александра Космодемьянских, д. 34с6",Красный Балтиец МЦД-2
Бутик-Отель Арбат 6,9.3/10,10 000,"Москва, ул. Арбат, д. 6, стр. 2",Арбатская
Мини-отель Ладомир Болотниковская,7.9/10,3 000,"Москва, ул. Болотниковская, д. 36, корп. 3",Нахимовский Проспект
Отель Д'Отель,9.1/10,5 577,"Москва, ул. Ярославская, д. 8, корпус 8",ВДНХ
Отель Каприз,8.7/10,3 500,"Москва, ул. Краснодонская, д. 2а",Волжская
Гостиница Садовническая,9.3/10,6 710,"Москва, ул. Садовническая, д. 20, стр. 1",Новокузнецкая
Мини-отель Уют на Цветном Бульваре,8.7/10,2 500,"Москва, Цветной б-р, д. 21с6",Цветной бульвар
Апарт-отель Knokey Иерусалимская,7.9/10,4 100,"Москва, ул. Иерусалимская, д. 3",Пролетарская
Отель Оскар,8.7/10,3 468,"Москва, Холодильный пер., д. 3к1",Тульская
Хостел Yum Yum на Невского,9.3/10,2 299,"Москва, ул. А. Невского, д. 27",Белорусская
Хостел Drop Inn,9.3/10,1 500,"Москва, ул. Каланчевская, д. 20, стр. 1",Площадь трёх вокзалов МЦД-4
Мини-отель Трефен Арбат,8.5/10,4 800,"Москва, пер. Плотников, д. 3",Смоленская
Мини-отель Loft Hotel H11,9.1/10,3 670,"Москва, Хохловский пер., д. 11, стр., 1",Китай-город
Гостиница Come Inn,9.4/10,4 500,"Москва, ул. Большая Татарская, д. 38, стр. 1",Новокузнецкая
Гостиница Ордынка,9.6/10,3 200,"Москва, ул. Большая Ордынка, д. 59/2",Добрынинская
от5 600руб.,8.7/10,5 600,"Москва, пр. Волгоградский, д. 42, корп. 16",Текстильщики МЦД-2
Отель На Южной,8.5/10,3 540,"Москва, Варшавское ш., д. 132 с. 2",Южная
Отель Hotel Elux,8.3/10,3 500,"Москва, пр. Волгоградский, д. 146",Кузьминки
от4 700руб.,9.4/10,4 700,"Москва, пер. Малый Златоустинский, д. 2",Китай-город
Хостел Гостиный двор на Полянке,8.1/10,1 800,"Москва, ул. Малая Якиманка,д. 24/8",Полянка
Хостел Трэвел Инн на Новослободской,7.8/10,500,"Москва, ул. Образцова, д. 14",Марьина Роща
Апартаменты Искра Парк,10/10,6 500,"Москва, Ленинградский пр-т, д. 35с2",Петровский парк
Апартаменты Norke Шереметьевская,10/10,"4 387,50","Москва, ул. Шереметьевская, д. 85с2",Марьина Роща МЦД-2
Отель Москва ХИЛТОН Мандарин Инн Отель,8.1/10,3 680,"Москва, ул. Ольховская, д. 23, стр. 1",Красносельская
Отель Минима Динамо,8.9/10,3 850,"Москва, ул. Верхняя Масловка, д. 27, стр. 1",Петровский парк
Отель Циркус,8.9/10,6 200,"Москва, Цветной бульвар, д. 24/1",Московский Цветной бульвар
Хостел Портал,7.8/10,854,"Москва, ул. Большая Пионерская, д. 13/6а, стр. 1",Павелецкая
Гостиница Автор Братиславская,9.1/10,1 400,"Москва, ул. Братиславская, д. 12",Братиславская
Апартаменты Арт,9.1/10,7 150,"Москва, б-р Братьев Весниных, д. 2",ЗИЛ
Отель Везендорф на Проходчиков,8.3/10,4 850,"Москва, ул. Проходчиков, д. 16/1",
Отель Crystal на Таганке,8.3/10,"5 583,60","Москва, ул. Александра Солженицына, д. 31 стр. 1",Марксистская
Jazz Hotel,9.4/10,3 900,"Москва, Старокаширское ш., д. 2, корп. 4",Варшавская
Хостел Travel Inn на Добрынинской,7.9/10,540,"Москва, ул. Люсиновская, д. 39, стр. 5",Серпуховская
Отель Бега,9.3/10,6 700,"Москва, ул. Беговая аллея, д. 11, 7 км трассы М10",Динамо
Апартаменты MaxRealty24 Москва Волоколамское шоссе д 71/22к3,8.7/10,3 274,"Москва, ш. Волоколамское, д. 71/22к3",Спартак
Отель Веллион Бауманский,9.3/10,4 370,"Москва, Волховский пер., д. 23/3, стр. 2",Бауманская
Мини-отель L&G,9.1/10,5 000,"Москва, ул. Столетова, д. 7, к. 1",Раменки
Гостиница Рослеспром,8.1/10,3 400,"Москва, Варшавское ш., д. 145, корп. 8, 1 км трассы М2",Аннино
Апартаменты MaxRealty24 Москва Волоколамское шоссе 24к1,9.3/10,3 927,"Москва, Волоколамское ш., д. 24к1",Стрешнево
Like Hostel & Hotel Moscow,8.9/10,"1 039,50","Москва, ул. Верхняя Красносельская, д. 8к3",Красносельская
Апартаменты Квартира Свободна - Большой Гнездниковский 10,9.1/10,4 625,"Москва, пер. Большой Гнездниковский, д. 10",Тверская
Хостел Southwest,8.1/10,750,"Москва, ул. Академика Опарина, д. 4к1, этаж 1",Университет дружбы народов
Апартаменты Пенаты,8.9/10,5 360,"Москва, ул. Люблинская, д. 76к2",Перерва МЦД-2
Гостиница Винтерфелл Москва-Сити,9.1/10,2 390,"Москва, Мукомольный пр-д, д. 4а, стр. 1",Шелепиха
Апартаменты Гости Любят,8.9/10,3 480,"Москва, п. Внуковское, ул. Анны Ахматовой, д. 11к1",Рассказовка
Апартаменты Уютные апартаменты на Дмитровском шоссе 81,9.1/10,3 254,"Москва, Дмитровское ш., д. 81",Селигерская
Апартаменты LuxKV - Нижегородская 4,9.8/10,3 375,"Москва, ул. Нижегородская, д. 4к1",Римская
Отель Якиманка 38,9.3/10,3 500,"Москва, ул. Большая Якиманка, д. 38A",Октябрьская
Мини-отель Шоколад,9.4/10,3 290,"Москва, ул. Ладожская, д. 8",Бауманская
Апарт-отель Knokey Электрический переулок,9.6/10,4 350,"Москва, Электрический пер., д. 8с5",Белорусская МЦД-4
Мини-отель Фаб,9.1/10,3 894,"Москва, ул. Шарикоподшипниковская, д. 12",Дубровка
Апартаменты КватрираСвободна - Комсомольский 29,9.8/10,"4 556,70","Москва, Комсомольский пр-т, д. 29",Фрунзенская
Отель Люмьер,9.1/10,7 440,"Москва, ул. Мясницкая, д. 16",Лубянка
Капсульный хостел 5 Небо,8.9/10,"1 268,80","Москва, ул. Маросейка, д. 7/8, стр. 1",Китай-город
Сити отель на Ленинградском,8.9/10,3 486,"Москва, Ленинградский пр-т, д. 47",Аэропорт
Хостел Travel Inn,8.1/10,400,"Москва, ул. Энергетическая, д. 12, корп. 1",Лефортово
Отель ЭЛИТ НЕКРАСОВКА,8.5/10,3 500,"Москва, ул. Рождественская, д. 15",Некрасовка
от4 000руб.,8.5/10,4 000,"Москва, Алтуфьевское ш., д. 2, 1 корп., 6 этаж",Владыкино
Уютные апартаменты на Дмитровском шоссе 107а,7.2/10,3 254,"Москва, Дмитровское ш., д. 107Ак5",Яхромская
Hotel Club,9.1/10,4 636,"Москва, ул. Красноказарменная, д. 3/5, корп. 1а",Лефортово
Гостиница Q-block,9.3/10,1 791,"Москва, Большой Тишинский пер., д. 8, стр. 1",Белорусская МЦД-4
Отель Квадро,9.6/10,1 265,"Москва, ул. Атарбекова, д. 4",Преображенская Площадь
Апарт-отель Knokey Спартак,9.4/10,4 400,"Москва, Волоколамское ш., д. 71/22к3",Спартак
Хостел Фьюжн,9.1/10,750,"Москва, ул. Дубининская, д. 67, корп. 1",Тульская
Апарт-отель Sky Garden,9.3/10,"3 850,00","Москва, ул. Ботаническая, д. 33Вс1",Петровско-Разумовская
Отель Библиотека,8.1/10,2 497,"Москва, ул. Воронцовская, д. 2/10, стр. 1",Марксистская
Мини-отель Уют на улице Южнобутовской,9.4/10,3 500,"Москва, ул. Южнобутовская, д. 60",Улица Горчакова
Отель Отдых-5,7.8/10,2 400,"Москва, ул. Краснодарская, д. 15/17",Люблино
Хостел Шаман на Курской,9.3/10,700,"Москва, Токмаков пер., д. 16с2, этаж 5",Курская МЦД-2
Уютные апартаменты возле м. Кунцевская,9.3/10,3 942,"Москва, ул. Ивана Франко, д. 6",Кунцевская МЦД-1
Гостиница Салют,8.9/10,6 200,"Москва, Ленинский пр-т, д. 158",Тропарево
Мини-отель Покровский,9.3/10,3 250,"Москва, ул. Свободы, д. 1, корп. 1",Тушинская МЦД-2
Хостел Крыша,8.5/10,675,"Москва, Овчинниковская наб., д. 6, стр.1",Новокузнецкая
Апартаменты Квартира Свободна - Николаева 4,10/10,4 500,"Москва, ул. Николаева, д. 4",Краснопресненская
Общежитие гостиничного типа Hotelhot Красносельская,6.6/10,300,"Москва, ул. Ольховская, д. 47, стр. 2",Красносельская
Апартаменты ApartLux Маяковская,9.1/10,6 000,"Москва, ул. 1-я Тверская-Ямская, д. 13с1",Маяковская
Хостел Норд,9.3/10,1 380,"Москва, 3-я ул. Ямского Поля, д. 24",Белорусская
Апартаменты MaxRealty24 Волоколамское шоссе 88к5с5,8.5/10,3 399,"Москва, ш. Волоколамское, д. 88к5с5",Тушинская МЦД-2
Апартаменты MaxRealty24 Москва Волоколамское шоссе 71к1,9.3/10,3 762,"Москва, ш. Волоколамское, д. 71к1",Спартак
Апарт-отель Knokey ЗИЛ,8.7/10,4 100,"Москва, ул. Автозаводская, д. 23, стр. 120",ЗИЛ
Отель Эль,9.1/10,1 500,"Москва, ул. 800-летия Москвы, д. 11К4",Бескудниково МЦД-1
Гостиница Часы Лескова,8.1/10,3 800,"Москва, ул. Лескова, д. 22",Бибирево
Хостел Лофт Никитская,9.6/10,1 220,"Москва, Хлыновский тупик, д. 2",Арбатская
Мини-отель Донской,8.5/10,3 800,"Москва, Бульвар Дмитрия Донского, д. 17а",Старокачаловская
Гостиница Моми Профсоюзная,9.8/10,4 960,"Москва, ул. Профсоюзная, д. 17к2",Профсоюзная
Хостел ONE Кузнецкий Мост,8.7/10,950,"Москва, ул. Кузнецкий Мост, д. 19, стр. 1, пом. 6/3",Кузнецкий Мост
Отель Gipnoz na Aviamotornoy,9.6/10,"7 823,40","Москва, ш. Энтузиастов, д. 11а, стр. 3",Авиамоторная
Медовая,9.4/10,5 000,"Москва, ул. Мишина, д. 26, помещ. 9",Петровский парк
Гостиница Сова на Братеевской,8.5/10,3 100,"Москва, ул. Братеевская, д. 10, корп. 4",Алма-Атинская
Гостиница МетаМосква,9.4/10,"5 174,40","Москва, ул. Яузская, д. 5",Чкаловская
Отель Ка Роял,9.3/10,4 500,"Ленинский г. о., Мисайлово, ул. Луговая, д. 20",
Хостел Астра на Арбате,8.5/10,800,"Москва, Столовый пер., д. 11, стр. 2",Арбатская
Гостиница Mamaison All-Suites Spa Hotel Pokrovka,8.7/10,11 500,"Москва, ул. Покровка, д. 40 стр. 2",Курская
Мини-отель Дом ветеранов кино,8.7/10,4 600,"Москва, ул. Нежинская, д. 5",Матвеевское МЦД-4
Отель АВИТА Красные Ворота,9.3/10,4 088,"Москва, ул. Садовая-Спасская, д. 17/2",Красные Ворота
Хостел Пастернак,8.9/10,950,"Москва, Староваганьковский пер., д. 19, с. 3",Боровицкая
Мини-отель Knokey Кунцевская,9.4/10,4 400,"Москва, ул. Ивана Франко, д. 6",Кунцевская МЦД-1
Апарт-отель Лофт&Отель Матросский,9.4/10,4 900,"Москва, пер. Большой Матросский, д. 1",Электрозаводская
Отель Тукан,8.1/10,4 450,"Москва, ул. Вековая, д. 20ас3",Римская
Апарт-отель LOFT SPA,6.8/10,9 383,"Москва, ул. Автозаводская, д. 23к7",ЗИЛ
Мини-отель Арчи на Тульской,9.1/10,3 600,"Москва, Варшавское ш., д. 13",Тульская
Апартаменты BAFY HOME на ленинском проспекте,8.3/10,3 899,"Москва, пр-кт Ленинский, д. 85",Университет
Гостиница Борис Годунов,8.9/10,7 380,"Москва, Нижний Кисельный пер., д. 4",Трубная
Отель Gipnoz Lefortovo,9.3/10,"5 270,40","Москва, ул. Энергетическая, д. 3",Лефортово
Отель Авион Внуково,8.9/10,5 775,"Внуково, ул. Привольная, д. 1",
Гостиница Magic Сircus,9.4/10,4 125,"Москва, Цветной б-р, д. 25, стр. 1",Цветной бульвар
Гостиница Винтерфелл на Чистых прудах,9.1/10,2 490,"Москва, ул. Мясницкая, д. 32, стр. 2",Чистые Пруды
Гостиница Винтерфелл Курский вокзал,8.7/10,2 090,"Москва, ул. Казакова, д. 8, стр. 1",Курская МЦД-2
Апартаменты Мама Ро на Чистых Прудах,8.9/10,14 400,"Москва, Гусятников пер., д. 4, с. 3",Чистые Пруды
Апарт-отель Knokey Тушино,9.6/10,3 300,"Москва, Волоколамское ш., д. 71/22к1",Спартак
Гостиница Халва,7.8/10,2 800,"Москва, ул. Амурская, д. 11, стр. 2",Щелковская
Мини-отель Дюжина,9.6/10,5 440,"Москва, ул. Трифоновская, д. 45",Марьина Роща
Апартаменты MaxRealty24 Коштоянца 41,10/10,4 296,"Москва, ул. Коштоянца, д. 41",Проспект Вернадского
Мини-отель Набат Палас,9.1/10,4 495,"Москва, ул. Братиславская, д. 6",Братиславская
Отель Mia Milano,9.4/10,6 600,"Москва, Кутузовский пр-т, д. 30",Кутузовская
Отель Арс,8.5/10,2 490,"Москва, ул. Новая Басманная, д. 10с/1, под.6. эт.5",Красные Ворота
Апартаменты Квартира Свободна - Большая Полянка,9.1/10,4 313,"Москва, ул. Большая Полянка, д. 30",Полянка
Мини-отель Trefen Белорусская,8.3/10,4 800,"Москва, Электрический пер., д. 12",Белорусская МЦД-4
Отель Минима Водный,8.7/10,3 730,"Москва, Головинское ш., д. 8",Водный Стадион
Отель Mila Guest House,8.9/10,3 800,"Москва, ул. Октябрьская, д. 26с1",Марьина Роща
Мини-отель Отдых 3,7.4/10,3 300,"Москва, ул. Совхозная, д.16, этаж 1",Люблино
Гостиница Флоренция,8.1/10,4 300,"Москва, ул. Ясеневая, д. 41А",Зябликово
Гостиница Винтерфелл на Старом Арбате,9.1/10,2 590,"Москва, пер. Большой Власьевский, д. 14 стр. 2",Кропоткинская
Хостел Travel Inn Серпуховская,8.5/10,545,"Москва, Большая Серпуховская, 31 к6",Серпуховская
Хостел Фортуна Инн,8.1/10,505,"Москва, Октябрьский пер., д. 12",Достоевская
от5 000руб.,8.5/10,5 000,"Москва, 4-й Верхний Михайловский пр-д, д. 6",Тульская
Мини-отель Шокотель Юго-Запад,8.5/10,4 500,"Москва, ул. Покрышкина, д. 8",Юго-западная
Апартаменты MaxRealty24 Волоколамское шоссе 71/22к2,9.1/10,3 539,"Москва, Волоколамское ш., д. 71/22к2",Спартак
Апартаменты Axis.Moscow Arbat,9.6/10,5 970,"Москва, ул. Арбат, д. 11",Арбатская
Мини-отель Пушкарёв 16,9.4/10,3 000,"Москва, Пушкарев пер., д. 16",Трубная
Хостел Cinema,7.9/10,569,"Москва, ул. Новая Басманная, д. 18/5",Красные Ворота
Отель Арена 33,8.9/10,3 500,"Москва, Ленинградский пр-т, д. 33А",Динамо
Апартаменты Квартира Свободна - Озерковская набережная 2/1,10/10,"4 219,20","Москва, Озерковская наб., д. 2/1",Новокузнецкая
Апартаменты Уютные апартаменты на Новодмитровской,7.4/10,3 119,"Москва, ул. Новодмитровская, д. 2к6",Дмитровская
Апартаменты На Нагатинской улице,10/10,4 072,"Москва, ул. Нагатинская, д. 26",Коломенская
Отель Апельсин на Юго-Западной,9.3/10,4 000,"Москва, пр. Вернадского, д. 105, корп. 2",Юго-западная
Апартаменты ApartLux ул. Тверская 17( 5),10/10,8 000,"Москва, пер. Большой Гнездниковский, д. 10",Тверская
Xenia City Hotel Seligerskaya,9.3/10,5 500,"Москва, ул. Весенняя, д. 14",Грачевская МЦД-3
Гостиница Бонжур Бутово,8.5/10,3 960,"Москва, ул. Изюмская, д. 22",Улица Скобелевская
Stylish Rock-n-Roll apartment with Kremlin view,10/10,9 500,"Москва, ул. Новый Арбат, д. 10",Арбатская
от4 800руб.,8.9/10,4 800,"Москва, ул. Народная, д. 14, стр. 1",Таганская
Апарт-отель Палисад,8.5/10,7 000,"Москва, ул. Кулибина, д. 2к11",Сколково МЦД-1
Апартаменты Second house,10/10,7 400,"Москва, бул. Кронштадтский, д. 6к1",Водный Стадион
Апарт-отель Анис Style,9.1/10,5 060,"Москва ул. 3-я  Хорошевская , д. 23а",Зорге
Мини-отель Ladomir Perovo,6.8/10,5 100,"Москва, ул. Перовская, д. 66, к. 4",Кусково МЦД-4
Гостиница Минима Кузьминки,9.1/10,3 650,"Москва, пр. Волгоградский, д. 113, корп. 5",Кузьминки
Отель Gipnoz na Dmitrovke,8.5/10,"3 504,60","Москва, ул. Руставели, д. 1/2",Дмитровская
Апартаменты ApartLux Свиблово,4.4/10,3 700,"Москва, ул. Амундсена, д. 5",Свиблово
Апартаменты Уютная студия на Войковской,10/10,3 929,"Москва, 4-й Войковский пр., д. 5",Войковская
Апартаменты С видом на Остров Мечты,10/10,7 875,"Москва, пр-кт Андропова, д. 10",Технопарк
Спортивно-гостиничный комплекс Луч,8.9/10,5 200,"Москва, 1-я Владимирская ул., д. 10 Д, стр. 3",Шоссе Энтузиастов
Отель Norke Prime Курская,9.3/10,5 500,"Москва, Яковоапостольский пер., д. 9с3",Курская
Хостел Лайфхакер,9.3/10,1 200,"Москва, Варшавское ш., д. 16, корп. 1, 1 этаж, пом. 6-7",Верхние Котлы
Отель Barin Residence Grand,9.3/10,12 437,"Москва, пер. Милютинский, д. 2",Лубянка
Апартаменты ЖК Парк Легенд,7.6/10,3 348,"Москва, ул. Автозаводская, д. 23с120",ЗИЛ
РОС ОТЕЛЬ Измайлово,8.3/10,3 150,"Москва, ул. Верхняя Первомайская, д. 36, стр. 2",Первомайская
Гостиница Минима Аэропорт,7.9/10,3 320,"Москва, ул. Часовая, д. 11",Аэропорт
Business apartments на Ходынском бульваре,9.3/10,5 952,"Москва, Ходынский б-р, д. 2",ЦСКА
Апартаменты Стильная квартира в легендарном Доме на Набережной,10/10,14 000,"Москва, ул. Серафимовича, д. 2",Боровицкая
Апартаменты Гости Любят у метро Новопеределкино. Голубая,9.6/10,4 560,"Москва, ул. Чоботовская, д. 2к1",Новопеределкино
Хостелы Рус - Черкизовская,9.1/10,770,"Москва, ул. Большая Черкизовская, д. 22к7",Измайлово
Мини-отель Buta,9.6/10,3 500,"Москва, ул. Новороссийская, д. 30к1",Люблино
Гостиница Москвич,8.3/10,2 500,"Москва, 11-я ул. Текстильщиков, д. 1",Текстильщики МЦД-2
Апарт-отель Knokey Амбулаторный проезд,9.1/10,3 900,"Москва, 2-й Амбулаторный пр-д, д. 8с1",Красный Балтиец МЦД-2
Loft Hotel P12,9.1/10,3 150,"Москва, Подсосенский пер., д 12с1",Чкаловская
Апартаменты Студия у метро Водный стадион,9.8/10,4 800,"Москва, Кронштадтский б-р., д. 8к1",Водный Стадион
Гостиница Лефортовский мост,8.3/10,4 400,"Москва, ул. 2-я Бауманская, д. 9/23",Бауманская
Гостевой дом Дар,7/10,2 600,"Московская обл., СНТ Дары природы, д. 353",Генерала Тюленева
Хостел Вежливый Лось на Студенческой,8.5/10,950,"Москва, ул. Студенческая, д. 32",Студенческая
от3 000руб.,7.9/10,3 000,"Москва, Комсомольская площадь, д. 5",Комсомольская
Отель АйТи Отель,9.8/10,5 750,"Москва, б-р Чистопрудный, д. 21, п. 2",Чистые Пруды
Отель Room Room,8.5/10,3 500,"Москва, ул. Братеевская, д. 18 к. 5",Алма-Атинская
Бутик-Отель O'Live,9.1/10,3 990,"Москва, Пятницкое ш., д. 35",Пятницкое шоссе
Отель Радио,9.4/10,5 500,"Москва, ул. Радио, д. 14, стр. 1",Бауманская
Отель Винтерфелл На Таганской площади,8.5/10,2 490,"Москва, Известковый пер., д. 5, стр. 2, этаж 2",Марксистская
Отель Брайтон,9.3/10,6 336,"Москва, Петровско-Разумовский пр-д, д. 29",Гражданская МЦД-2
Отель Turris Hotel Tagansky,8.9/10,7 150,"Москва, Серебрянический пер., д. 15",Чкаловская
Гостиница V Hotel,9.6/10,8 880,"Москва, Малый Палашёвский пер., д. 5",Пушкинская
Отель Елоховский Сити,9.3/10,5 400,"Москва, ул. Спартаковская, д. 24, эт. 3",Бауманская
Мини-отель Ван Гог,9.4/10,5 170,"Москва, Большой Казенный пер., д. 10",Курская
AsaPro Апартаменты у Ботанического сада,10/10,5 360,"Москва, ул. Ботаническая, д. 16А",Владыкино
Апартаменты MaxRealty24 ул. Панферова дом 8,10/10,4 057,"Москва, ул. Панфёрова, д. 8",Университет
Отель Hampton by Hilton Moscow Strogino,9.3/10,6 000,"Москва, ул. Кулакова, д. 20",Строгино
Апартаменты LuxKV - Усачева,8.9/10,4 275,"Москва, ул. Усачёва, д. 19, корп. 3",Спортивная
Гостиница Barin Residence Centre,9.3/10,7 700,"Москва, ул. Садовническая, д. 8",Новокузнецкая
Хостел Russland,8.1/10,510,"Москва, ул. Образцова, д. 14/Октябрьский пер., д. 23",Марьина Роща
Отель Афиша Сити,9.1/10,2 948,"Москва, Юрловский пр-д, д. 14, корп. 1",Бибирево
Винтерфелл на Новокузнецкой,9.1/10,2 290,"Москва, Озерковская наб., д. 8с1",Новокузнецкая
Апартаменты BAFY HOME на Херсонской улице,8.1/10,4 300,"Москва, ул. Херсонская, д. 41А",Зюзино
Хостел Рус,9.1/10,2 100,"Москва, Коломенский пр-д, д. 21",Коломенская
Апартаменты Private Apartments на Дмитровском шоссе,8.5/10,4 490,"Москва, ш. Дмитровское, д. 81",Селигерская
Хостел Рус-Парк культуры,8.9/10,"954,80","Москва, ул. Пречистенка, д. 37/2",Парк Культуры
Апартаменты LuxKV - 1-я Тверская-Ямская 10,9.4/10,"5 062,50","Москва, ул. 1-я Тверская-Ямская, д. 10",Маяковская
Бутик-Отель MYS,9.8/10,15 965,"Москва, пер. Кривоколенный, д. 10, с. 4",Чистые Пруды
Гостиница Винтерфелл на Курской,8.7/10,2 190,"Москва, ул. Старая Басманная, д. 7/1",Красные Ворота
Апартаменты LuxKV - Арбат 31,10/10,4 500,"Москва, ул. Арбат, д. 31",Арбатская
Апартаменты Гости Любят у ТЦ Небо,9.6/10,5 040,"Москва, ул. Производственная, д. 4",Солнцево
Хостел Нахимовский,8.7/10,550,"Москва, пр. Нахимовский, д. 7, к.1",Нахимовский Проспект
Апартаменты The Loft Studio Moscow на улице Лавриненко,10/10,3 795,"Москва, ул. Лавриненко, д. 1",Некрасовка
Хостел Hotelhot на Белорусском вокзале,7.6/10,550,"Москва, ул. Лесная, д. 55, стр. 5",Менделеевская
Гостиница Винтерфелл на Тверской,8.7/10,2 690,"Москва, Старопименовский пер., д. 6",Маяковская
Мини-отель Буше на Чистопрудном бульваре,8.9/10,5 000,"Москва, б-р Чистопрудный, д. 21, стр. 1",Чистые Пруды
Хостел Light Dream,9.3/10,"1 138,80","Москва, Большой Златоустинский пер., д. 3/5, стр. 1",Китай-город
Апартаменты ApartLux ул. Расковой 14,10/10,4 000,"Москва, ул. Расковой, д. 14",Динамо
Апартаменты LuxKV - Тверская улица 6,9.8/10,"5 681,70","Москва, ул. Тверская, д. 6с1",Театральная
Апарт-отель URoom ApartHotel на пр. Севастопольский д.3 корп 2,8.9/10,3 960,"Москва, Севастопольский пр-т, д. 3к2",Крымская
Отель Evans,9.1/10,2 500,"Москва, пер. Потаповский, 5с5",Чистые Пруды
Апарт-отель Axis Moscow Heritage,9.8/10,4 790,"Москва, ул. Покровка, д. 10с1",Чистые Пруды
Апартаменты KIGO Spartak,9.8/10,1 450,"Москва, Волоколамское ш., д. 71/22 к1",Спартак
Хостел Город Патриаршие,9.1/10,1 000,"Москва, ул. Спиридоновка, д. 16, стр. 1",Баррикадная
от3 600руб.,9.1/10,3 600,"Москва, ул. Красноармейская, д. 2к1",Петровский парк
Апартаменты Уютная студия возле м. Аминьевская,8.9/10,5 157,"Москва, ул. Большая Очаковская, д. 2",Аминьевская
Апарт-отель Knokey Fresh,9.4/10,4 800,"Москва, б-р Ореховый, д. 24к4",Красногвардейская
Гостиница Елисеефф,8.7/10,4 940,"Москва, Глазовский пер., д. 10, стр. 1",Смоленская
Отель Елоховский,9.4/10,5 900,"Москва, ул. Спартаковская, д. 24, эт. 2",Бауманская
Апартаменты MaxRealty24 Кронштадтский бульвар 6 к 4,9.3/10,4 794,"Москва, Кронштадтский б-р, д. 6к4",Водный Стадион
Апартаменты Уютные апартаменты на Бибиревской,8.9/10,3 402,"Москва, ул. Бибиревская, д. 4а",Бибирево
Хостел Вежливый Лось на Южнобутовской,6.8/10,540,"Москва, ул. Южнобутовская, д. 95а",Бунинская Аллея
Хостел Пара Тапок,8.5/10,850,"Москва, Оружейный пер., д. 13, стр. 2",Маяковская
Отель Винтерфелл На Цветном Бульваре,8.5/10,2 490,"Москва, ул. Садовая-Каретная, д. 24/7",Цветной бульвар
Хостел Звездный бульвар,8.9/10,920,"Москва, ул. Кондратюка, д. 9, корп. 2",Улица Академика Королёва
Апартаменты Квартира Свободна- Комсомольский проспект 27,10/10,"5 119,20","Москва, пр-кт Комсомольский, д. 27с5",Фрунзенская
Апартаменты LikeHome.life - Спартак,9.8/10,4 290,"Москва, ш. Волоколамское, д. 71/22к2",Спартак
Гостиница СРГК ВОС,9.3/10,2 200,"Москва, Югорский пр-д, д. 2",
Апартаменты Новое Измайлово,8.1/10,3 800,"Москва, пр-д Окружной, д. 10б",Измайлово
Апарт-отель Жасмин,9.1/10,4 250,"Москва, пр-д 2-й Кожуховский, д. 25, стр. 7",ЗИЛ
Taganka Hotel Moscow,9.8/10,7 130,"Москва, ул. Николоямская, д. 38/23, стр. 3",Марксистская
Мини-отель Рыбка,8.9/10,3 450,"Москва, Фурманный пер., д. 22, с. 2",Красные Ворота
Мини-отель 13-й квартал,9.8/10,3 500,"Москва, ул. Лавриненко, д. 11к2",Некрасовка
Хостел InterQube Большая полянка,9.4/10,1 045,"Москва, ул. Большая Полянка, д. 61, стр. 2, эт. 1",Добрынинская
Мини-отель Султан-2,8.7/10,3 900,"Москва, пр. Ленинградский, д. 2",Белорусская
Винтерфелл на Кропоткинской,8.5/10,2 190,"Москва, наб. Пречистенская, д. 15, стр. 1",Парк Культуры
Хостел Yum Yum,8.3/10,1 300,"Москва, ул. Бауманская, д. 4",Бауманская
Гостиница Олимп,8.7/10,4 000,"Москва, ул. Доватора, д. 13",Спортивная
Апартаменты Happy House Марьина Роща,8.9/10,3 876,"Москва, ул. Шереметьевская, д. 26",Марьина Роща МЦД-2
Апарт-отель Knokey Автозаводская,9.6/10,6 000,"Москва, ул. Автозаводская, д. 23с120",ЗИЛ
Апартаменты Уютные 1-комнатные апартаменты с мебелью и техникой,10/10,,"Москва, пр-кт Вернадского, д. 41с1",Проспект Вернадского
Отель Апельсин,8.5/10,4 600,"Москва, Страстной б-р, д. 4 стр. 1, этаж 6",Чеховская
Апартаменты Эстетическое Настроение,10/10,6 223,"Москва, ул. Берёзовая аллея, д. 19к1",Ботанический Сад
Хостел Лен ИНН Люкс,7.9/10,550,"Москва, пер. Духовской, д. 22а",Тульская
Мини-отель Хит Отель,8.3/10,4 500,"Москва, ул. Коцюбинского, д. 10",Рабочий Посёлок МЦД-1
Хостел InterQube,9.6/10,1 425,"Москва, Старый Толмачевский пер., д. 3",Новокузнецкая
Апартаменты На Нагатинской набережной,9.4/10,4 499,"Москва, Нагатинская наб., д. 14к4",Коломенская
Апартаменты MaxRealty24 Хорошевское шоссе 12к1,9.3/10,6 350,"Москва, Хорошёвское шоссе, д. 12к1",Беговая
Хостел Dad&Cat,9.6/10,1 300,"Москва, ул. Девятая Рота, д. 16",Преображенская Площадь
Отель Казначейский,10/10,9 085,"Москва, пер. Большой Златоустинский, д.7с1",Китай-город
Хостел Ostanovka Hostel,9.6/10,1 150,"Москва, ул. Дыбенко, д. 38к1",Ховрино
Апартаменты 2-х уровневые м. Нагорная,10/10,7 425,"Москва, Электролитный пр-д., д. 5б",Нагорная
Апартаменты Фестивальная 29,10/10,9 720,"Москва, ул. Фестивальная, д. 29",Речной Вокзал
от3 600руб.,8.1/10,3 600,"Москва, ул. Академика Волгина, д. 29к2",Университет дружбы народов
Хостел Полянка на Чистых Прудах,7.9/10,1 000,"Москва, Потаповский пер., д. 10",Чистые Пруды
Отель Отдых-2,7.8/10,2 700,"Москва, ул. Совхозная, д. 27",Люблино
Отель Маркелл,9.6/10,7 000,"Москва, пер. Большой Каретный, д. 4с5",Цветной бульвар
Апартаменты EasyGuest Покровский бульвар,9.8/10,11 830,"Москва, б-р Покровский, д. 14/6",Чкаловская
Апарт-отель Knokey Маяковская,9.4/10,5 650,"Москва, Оружейный пер., д. 13с2",Маяковская
Хостел Онли на Лесной,8.7/10,699,"Москва, ул. Лесная, д. 39",Менделеевская
Мини-отель Тарлеон,8.1/10,2 300,"Москва, ул. Авиамоторная, д. 44, стр. 1",Нижегородская МЦД-4
Апартаменты Генеральские у Кремля,10/10,12 000,"Москва, ул. Тверская, д. 6с1",Театральная
Отель Руссо Туристо (на Авиамоторной),9.3/10,4 500,"Москва, ул. Авиамоторная, д. 51а, стр. 2",Авиамоторная МЦД-3
Апартаменты Private Apartments на Каширском шоссе,9.6/10,4 340,"Москва, ш. Каширское, д. 65к3",Домодедовская
Отель АдвокатЪ на Покровке,9.3/10,3 690,"Москва, ул. Чаплыгина, д. 22",Курская
Гостиница Федорова,9.3/10,5 700,"Москва, Бескудниковский б-р, д. 58к1",Яхромская
Гостиница Измайловский,8.9/10,2 500,"Москва, ул. Верхняя Первомайская, д. 6, корп. 3",Первомайская
Гостиница Винтерфелл на Смоленской,8.7/10,2 590,"Москва, Шубинский пер., д. 2/3",Смоленская
Спа-отель Nova Luxe,8.9/10,5 400,"Москва, Варшавское ш., д. 27",Верхние Котлы
Отель Лондон,7.8/10,3 450,"Москва, ул. Ставропольская, д. 10/12",Люблино МЦД-2
Хостел Волга,8.9/10,750,"Москва, ул. Островитянова, д. 13",Университет дружбы народов
Апарт-отель Knokey Электрозаводская,8.3/10,4 100,"Москва, ул. Электрозаводская, д. 14с1",Электрозаводская
Апартаменты Красивые уютные в Москве,10/10,,"Москва, ул. Новохохловская, д. 15к3",Новохохловская МЦД-2
Апартаменты Knokey Красносельская,9.1/10,5 700,"Москва, ул. Нижняя Красносельская, д. 35с49",Бауманская
Апартаменты ЖК Kleinhouse Классический Лофт,8.1/10,3 821,"Москва, ул. Нижняя Красносельская, д. 35с2",Бауманская
Апартаменты BAFY HOME на Спартаке,10/10,3 899,"Москва, Волоколамское ш., д. 71/13к1",Спартак
Отель Library,9.4/10,5 700,"Москва, ул. 3-я Ямского Поля, д. 24",Белорусская
Мини-отель Лиза,9.3/10,3 300,"Москва, ул. Саратовская, д. 22",Стахановская
Мини-отель Travel Room Римская,8.9/10,1 390,"Москва, ул. Николоямская, д. 45с2",Марксистская
Апартаменты MaxRealty24 Лобачевского 120к1,9.1/10,5 082,"Москва, ул. Лобачевского, д. 120к1",Аминьевская МЦД-4
Отель Che Hotel,9.3/10,7 000,"Москва, ул. Малая Дмитровка, д. 29/3",Маяковская
Хостел Арбат 42,8.9/10,990,"Москва, ул. Арбат, д. 42, стр. 4",Смоленская
Хостелы Рус- Фрунзенская,8.7/10,800,"Москва, ул. 3-я Фрунзенская, д. 9",Фрунзенская
Хостел У ВДНХ,8.9/10,900,"Москва, ул. Седова, д. 15к2",Ботанический Сад
Апартаменты Уютные апартаменты на Каширском шоссе,10/10,3 227,"Москва, Каширское ш., д. 65к3",Домодедовская
Apartments Rockmond,9.6/10,15 400,"Москва, Пресненская наб., д. 8/1",Выставочная
Мини-отель BookBox,9.3/10,2 200,"Москва, ул. 1-я Прядильная, д. 5",Измайловская
Отель 22,9.1/10,3 360,"Москва, ул. Домостроительная, д. 1к3",Мещерская МЦД-4
от3 476руб.,9.6/10,3 476,"Москва, пр-д Солнечногорский, д. 17",Моссельмаш МЦД-3
Хостел CHEERS Capsule Place,7/10,1 122,"Москва, пер. Малый Кисловский, д. 7с1",Арбатская
Отель Хорошов,9.3/10,4 400,"Москва, Хорошевское ш., д. 17",Беговая МЦД-1
Апартаменты MaxRealty24 Москва Рязанский проспект 2/1к4И,10/10,3 273,"Москва, пр-кт Рязанский, д. 2/1к4И",Стахановская
Хостел Артист на Казанском,8.1/10,3 200,"Москва, ул. Новорязанская, д. 16/11, стр. 1",Комсомольская
Хостел на Пушкинской,7.8/10,2 520,"Москва, ул. Садовая-Каретная, д. 20с1",Цветной бульвар
Хостел Travel Inn на Электрозаводской,7.9/10,475,"Москва, Попов пр-д, д. 4",Электрозаводская
Апартаменты Гости Любят у метро Новопеределкино. Бежевая,9.8/10,4 440,"Москва, ул. Чоботовская, д. 2к1",Новопеределкино
от4 500руб.,9.3/10,4 500,"Москва, ул. Большая, д. 84/3",Коломенская
Апартаменты MaxRealty24 Москва Ботаническая 41/7,10/10,3 740,"Москва, ул. Ботаническая, д. 41к7",Владыкино
Гостиный дом,8.5/10,4 000,"Москва, ул. Василия Петушкова, д. 25",Трикотажная МЦД-2
Апартаменты Квартира Свободна - ш. Хорошевское 46,8.9/10,3 600,"Москва, ш. Хорошёвское, д. 46",Беговая МЦД-1
Марфино-отель,9.3/10,5 350,"Москва, Кашенкин луг, д. 8/1",Улица Милашенкова
Апартаменты 5ти комнатная квартира с видом на КРЕМЛЬ,10/10,17 688,"Москва, ул. Серафимовича, д. 2",Боровицкая
Апартаменты Доходный Дом Якорь,9.1/10,3 675,"Москва, Потаповский пер., д. 5с1",Чистые Пруды
Апартаменты ApartLux на Приютском,8.7/10,5 000,"Москва, Приютский пер., д. 3",Белорусская
Хостел Медведково,9.4/10,900,"Москва, ул. Полярная, д. 54, стр. 2",Медведково
Отель Комфорт на Дмитровском шоссе,9.1/10,4 000,"Москва, Дмитровское ш., д. 90к1",Селигерская
Апартаменты Lux с террасой в центре Москвы,10/10,16 080,"Москва, пер. Большой Строченовский, д. 9",Павелецкая
Отель Петровка,9.8/10,6 687,"Москва, ул. Петровка, д. 19с3",Чеховская
Хостел Старт на Вишнёвой,8.7/10,625,"Москва, ул. Вишневая, д. 13а",Тушинская МЦД-2
Апартаменты 1-комнатная квартира м. Шелепиха,10/10,7 020,"Москва, Шелепихинское шоссе, д. 9",Шелепиха
от4 000руб.,10/10,4 000,"Москва, ул. Воронцовская, д. 2/10с1",Марксистская
Гостевой дом ФлигелёкЪ,8.9/10,3 696,"Москва, ул. Новая Басманная, д. 12с4",Красные Ворота
Апартаменты MaxRealty24 г Москва 2-й Амбулаторный проезд 8 ст 1,7.8/10,3 696,"Москва, 2-й Амбулаторный пр-д, д. 8с1",Красный Балтиец МЦД-2
Мини-отель Lefort,9.1/10,4 000,"Москва, ул. Душинская, д. 20",Авиамоторная
Гостиница Тимирязево,10/10,4 100,"Москва, ул. Тимирязевская, д. 6",Дмитровская МЦД-2
Апартаменты LuxKV - Рублевское шоссе 5,9.3/10,"3 094,20","Москва, ш. Рублёвское, д. 5",Кунцевская МЦД-1
Мини-отель Комфорт,9.8/10,4 000,"Москва, Дмитровское ш., д. 96, к. 4",Яхромская
Хостел Travel Inn на Первомайской,8.1/10,440,"Москва, ул. Средняя Первомайская, д. 28",Первомайская
Гостиница Погости.ру на Алтуфьевском шоссе,8.9/10,4 440,"Москва, Алтуфьевское ш., д. 28",Дегунино МЦД-1
Мини-отель СОВА,8.7/10,5 100,"Москва, ул. Героев Панфиловцев, д. 11к2",Планерная
Хостел Христал Лубянка,8.9/10,1 085,"Москва, Кривоколенный пер., д. 4с3",Лубянка
Апартаменты Стильная cтудия в cтилe минимaлизм pядoм c ВДНХ,10/10,5 360,"Москва, ул. Сельскохозяйственная, д. 17к4",Ботанический Сад
Апартаменты ApartLux 1905,8.5/10,4 200,"Москва, ул. 1905 года, д. 11с1",Улица 1905 года
Хостел Радио Хостел,9.3/10,1 080,"Москва, наб. Академика Туполева, д. 15к24",Курская МЦД-2
Отель Ясенево,8.7/10,3 300,"Москва, ул. Инессы Арманд, д. 8/17",Битцевский парк
Апартаменты MaxRealty24 Аминьевское 4Дк1,8.5/10,6 017,"Москва, Аминьевское ш., д. 4Д к. 1",Аминьевская МЦД-4
Отель Magic Harp,9.1/10,11 200,"Москва, пер. Лялин, д. 3с3",Курская
Апартаменты ЖК Люблино,7.4/10,3 132,"Москва, ул. Цимлянская, д. 3к3",Люблино
Апартаменты MaxRealty24 Москва Большая Якиманка 32,10/10,4 312,"Москва, ул. Большая Якиманка, д. 32",Октябрьская
Апартаменты Эстетская студия от Zen Home рядом с ВДНХ,9.6/10,5 360,"Москва, ул. Сельскохозяйственная, д. 17к4",Ботанический Сад
Халва отель Полянка,8.9/10,2 600,"Москва, ул. Большая Полянка, д. 43/2",Полянка
Апартаменты MaxRealty24 Москва Очаковское ш.5 к.1,8.3/10,4 464,"Москва, Очаковское ш., д. 5к1",Аминьевская
Хостел Олимпия,9.1/10,1 300,"Москва, ул. Дмитрия Ульянова, д. 24",Академическая
Апарт-отель Апартсити,9.1/10,12 000,"Москва, 1-й Красногвардейский пр-д, д. 21с2",Международная
от2 500руб.,7.9/10,2 500,"Москва, Малый Каковинский пер., д. 3с1",Смоленская
Мини-отель Guest Room SAD 3,9.6/10,2 400,"Москва, Милютинский пер., д. 19/4с2",Сретенский бульвар
Апарт-отель Knokey Арбат,8.5/10,11 400,"Москва, ул. Новый Арбат, д. 6",Арбатская
Хостел Буран,9.1/10,1 332,"Москва, Наставнический пер., д. 18/11с4",Чкаловская
Апартаменты 2-х комнатные с дизайнерским ремонтом,10/10,17 018,"Москва, ул. Мытная, д. 40к4",Шаболовская
Апартаменты LuxKV- Зацепа 22,4.4/10,6 313,"Москва, ул. Зацепа, д. 22",Павелецкая
Апартаменты MaxRealty24 ул. Героев Панфиловцев 1к5,10/10,4 212,"Москва, ул. Героев Панфиловцев, д. 1, корп. 5",Сходненская
Уютная однокомнатная квартира возле м.Саларьево,10/10,5 144,"Москва, п. Московский, ул. Саларьевская, д. 16к3",Саларьево
Хостел Коливинг Запятая,9.1/10,1 690,"Москва, пл. Спартаковская, д. 16/15, стр. 1",Бауманская
Апарт-отель Knokey Парк Легенд,9.8/10,4 900,"Москва, ул. Автозаводская, д. 23Бк2",ЗИЛ
Гостиница Moon,8.7/10,3 300,"Москва, б-р Марьинский, д. 7",Марьино
от9 702руб.,9.3/10,9 702,"Москва, пер. Милютинский, д. 2",Лубянка
Хостел Campus,8.7/10,960,"Москва, ул. Шипиловская, д. 17, к. 3, эт. 7",Орехово
Отель Сова на Преображенской площади,8.7/10,3 700,"Москва, ул. Суворовская, д. 2б",Электрозаводская
Апартаменты MaxRealty24 на Аминьевском 5,4.8/10,3 647,"Москва, Аминьевское ш., д. 5",Аминьевская
Апартаменты LuxKV - Басманный пер,9.8/10,"5 062,50","Москва, пер. 1-й Басманный, д. 5/20с3",Комсомольская
Отель Паллада РАН,8.9/10,4 000,"Москва, ул. Островитянова, д. 14",Коньково
Апартаменты ApartLux на Новаторов,7.9/10,3 700,"Москва, ул. Новаторов, д. 34к6",Новаторская
Апартаменты на м. Технопарк около острова мечты,9.3/10,,"Москва, пр-кт Андропова, д. 10",Технопарк
Хостел Nice Hostel Paveletskaya (Найс Павелецкая),8.7/10,2 700,"Москва, Космодамианская наб., д. 40-42/3",Таганская
Гостевой дом Пафос у Кремля,8.1/10,2 646,"Москва, ул. Варсонофьевский пер., д. 8",Кузнецкий Мост
Апартаменты MaxRealty24 Мичуринский проспект 38,9.3/10,4 057,"Москва, Мичуринский пр-кт, д. 38",Раменки
Гостиница Myhotel24 Voikovskaya,9.3/10,5 100,"Москва, 1-й Войковский пр-д, д. 16к1",Стрешнево МЦД-2
Апартаменты В ЖК Тополя,8.9/10,3 794,"Москва, ул. Верхние Поля, д. 32к2",Братиславская
Хостел Этаж на Нижегородской,8.3/10,1 000,"Москва, ул. Нижегородская, д. 32, стр. 4",Калитники МЦД-2
Хостел Хона,8.7/10,600,"Москва, ул. Болотниковская, д. 36к5",Нахимовский Проспект
Хостелы Рус - на Пречистенке,9.3/10,1 000,"Москва, пер. Сеченовский, д. 8 с. 3",Кропоткинская
Отель Tesla,8.9/10,5 500,"Москва, пер. Последний, д. 18",Сухаревская
Мини-отель Рандеву,9.3/10,6 720,"Москва, ул. Трофимова, д. 25/1, 7 км трассы М-6 (Р22)",Кожуховская
Ленин Хостел,9.1/10,1 024,"Москва, Ленинский пр-т, д. 152",Юго-западная
Хостел Only,8.3/10,599,"Москва, Плетешковский пер., д. 6с2",Бауманская
Апартаменты EasyGuest у м. Спартак,9.4/10,,"Москва, Волоколамское ш., д. 71/22к3",Спартак
Апартаменты Мама Ро на Мясницкой,8.5/10,14 800,"Москва, ул. Мясницкая, д. 30с3, этаж 3",Чистые Пруды
Хостел на Солженицына,8.7/10,500,"Москва, ул. Александра Солженицына, д. 31с2",Марксистская
Гостиница МонАрх,9.1/10,12 000,"Москва, пр. Ленинградский, д. 31Ас1",Динамо
Гостиница Москва Комфорт,8.5/10,3 300,"Москва, ул. Самотёчная., д. 1/15",Цветной бульвар
Отель Необыкновенный,9.6/10,6 560,"Москва, б-р Цветной, д. 13/2",Цветной бульвар
Melius Hostel,9.4/10,680,"Москва, ул. Трофимова, д. 1/17",Автозаводская
Апартаменты Liner-Ap,9.4/10,8 160,"Москва, Ходынский бульвар, д. 20А",ЦСКА
Апартаменты Левый Берег,10/10,3 688,"Москва, ул. Левобережная, д. 4к14",Беломорская
Апартаменты GEOnatella,10/10,6 700,"Москва, Ленинский пр-т, д. 43к9",Площадь Гагарина
Отель Вымпел,8.7/10,2 300,"Москва, ул. Вельяминовская, д. 34",Семеновская
ApartLux Киевская д. 7,8.1/10,7 500,"Москва, ул. Большая Дорогомиловская, д. 7",Киевская
Отель Gipnoz na Kutuzovskom,9.1/10,8 784,"Москва, пр. Кутузовский, д. 24",Выставочная
Апартаменты ЖК Среда,7.9/10,3 227,"Москва, Рязанский пр-т, д. 2/1 к2а",Нижегородская МЦД-4
Апартаменты LuxKV na Kazakova 7,9.4/10,6 875,"Москва, ул. Казакова, д. 7",Курская
Мини-отель Мансилион,9.1/10,4 797,"Москва, ул. Тверская, д. 12/8, вход 12А",Чеховская
Хостел Caps Hotel на Остоженке,9.1/10,1 280,"Москва, ул. Остоженка, д. 7 стр. 1",Кропоткинская
Гостиница Моми Дубровка,9.8/10,5 670,"Москва, ул. Шарикоподшипниковская, д. 18",Дубровка
Апарт-отель Knokey Патриаршие Пруды,9.6/10,7 300,"Москва, Вспольный пер., д. 10",Баррикадная
Гостиница Gallery,9.3/10,4 160,"Москва, ул. Малая Ордынка, д. 38, стр. 2",Добрынинская
Апартаменты рядом с Островом Мечты,10/10,6 030,"Москва, пр-кт Андропова, д. 10",Технопарк
Апартаменты Квартира Свободна - Б. Дорогомиловская 7,9.8/10,6 250,"Москва, ул. Большая Дорогомиловская, д. 7",Киевская
Уютная апартаменты,10/10,4 000,"Москва, ул. Фёдора Полетаева, д. 21к3",Рязанский Проспект
Гостиница День и ночь на Профсоюзной,9.1/10,6 800,"Москва, пр. Нахимовский, д. 67, корп. 4",Профсоюзная
Апартаменты Happy people На Генерала Антонова 4к2,10/10,5 927,"Москва, ул. Генерала Антонова, д. 4к2",Беляево
Хостел Степ,8.1/10,500,"Москва, ул. 5-я Кабельная, д. 2с1, этаж 5",Нижегородская
Апартаменты MaxRealty24 Проспект Вернадского 61,10/10,4 464,"Москва, пр-т Вернадского, д. 61",Проспект Вернадского
Хостел TImeLapse,9.3/10,1 150,"Москва, Большой Сухаревский пер., д. 25с2",Сухаревская
Стильные и уютные апартаменты рядом с Белым Домом,9.8/10,6 000,"Москва, Украинский б-р, д. 6",Киевская
Хостел Heritage,9.1/10,1 270,"Москва, ул. Мясницкая, д. 17 с. 1",Тургеневская
Апартаменты Квартра-студия м. Лесопарковая,10/10,5 400,"Москва, Варшавское ш., д. 168",Лесопарковая
Апартаменты Luxkv на Щипковском,9.8/10,"3 487,50","Москва, пер. 2-й Щипковский, д. 8",Серпуховская
Отель Бродвей,8.9/10,4 851,"Москва, ул. Генерала Белобородова, д. 34",Пенягино МЦД-2
Хостел Вежливый лось,7.4/10,500,"Москва, Ленинградское ш., д. 21",Балтийская
Кварт-Отель на Арбате,10/10,6 100,"Москва, ул. Новый Арбат, д. 16",Арбатская
Апартаменты ApartLux Речной вокзал,8.3/10,4 500,"Москва, ул. Фестивальная, д. 15к1",Речной Вокзал
Апартаменты Перерва 16,8.9/10,3 600,"Москва, ул. Перерва, д. 16",Перерва МЦД-2
Отель Комфорт1,9.1/10,4 700,"Москва, пр-д Бескудниковский, д. 2к2",Яхромская
Апартаменты Private Apartments,8.3/10,5 240,"Москва, ул. Новодмитровская, д. 2к1А",Дмитровская
Апарт-отель Axis Moscow Colors,9.6/10,5 650,"Москва, б-р Цветной, д. 25, с. 1",Цветной бульвар
Апартаменты MaxRealty24 ул. Адмирала Макарова 6А,10/10,3 927,"Москва, ул. Адмирала Макарова, д. 6а",Водный Стадион
Хостел Слобода,8.5/10,559,"Москва, пер. Посланников, д. 18, стр. 1",Бауманская
Апартаменты В отеле Салют,,3 900,"Москва, Ленинский просп., д. 158",Тропарево
Апартаменты Эстетская cтудия в cтилe минимaлизм pядoм c ВДНХ,10/10,5 360,"Москва, ул. Сельскохозяйственная, д. 17к4",Ботанический Сад
Хостел Парк Победы,8.5/10,880,"Москва, ул. Василисы Кожиной, д. 14к1",Багратионовская
Апартаменты Однокомнатная квартира,10/10,3 105,"Москва, пр-кт Будённого, д. 51, к. 3",Шоссе Энтузиастов
Хостелы Рус Театральная,9.3/10,1 380,"Москва, Столешников пер., д. 7с3",Чеховская
Хостел Никитская капсула,9.4/10,1 008,"Москва, ул. Большая Никитская, д. 22/2",Арбатская
Апартаменты ApartLux на Енисейской,8.9/10,3 800,"Москва, ул. Енисейская, д. 22, к. 2",Бабушкинская
Апартаменты на Студёном,8.5/10,3 993,"Москва, Студёный пр-д, д. 6к3",Медведково
Апартаменты Селфрич,9.6/10,3 900,"Москва, ш. Ленинградское, д. 40",Балтийская
Апартаменты В ЖК Ривер Парк,6.8/10,3 362,"Москва, ул. Корабельная, д. 9",Нагатинский затон
Апартаменты На 6-й Парковой,10/10,3 709,"Москва, ул. 6-я Парковая, д. 29А",Первомайская
Апартаменты Квартира на Москве реке,,"4 657,50","Москва, Волоколамское ш., д. 81/2с3",Трикотажная МЦД-2
Мелиус Хостел 2-й Кожуховский поезд,8.7/10,730,"Москва, пр-д 2-й Кожуховский, д. 29к2с2",ЗИЛ
Мини-отель Гугуша,9.3/10,3 500,"Москва, ул. Бажова, д. 8",Ростокино
Апарт-отель Axis.Moscow Island,9.4/10,5 010,"Москва, ул. Садовническая, д. 67, стр. 2",Таганская
Апартаменты LuxKV - Старомонетный пер,9.3/10,5 625,"Москва, пер. Старомонетный, д. 18",Полянка
Апартаменты Квартира Свободна - Грузинский переулок 12,8.9/10,3 600,"Москва, пер-к Грузинский, д. 12",Белорусская МЦД-4
Отель Revival,8.7/10,5 517,"Москва, ул. Петровка, д. 19, стр. 3",Чеховская
Хостел Тревел Инн,7.8/10,500,"Москва, пер. Октябрьский, д. 23",Марьина Роща
Хостел Артист на Старой Басманной,7.9/10,3 000,"Москва, ул. Старая Басманная, д. 18, стр. 13",Курская МЦД-2
Апартаменты LuxKV - Переулок Маяковского,8.7/10,"3 431,70","Москва, пер. Маяковского, д. 3",Марксистская
Хостел Caps Hotel,8.5/10,1 272,"Москва, Гагаринский пер., д. 5с1",Кропоткинская
Мини-отель Бута 2,9.8/10,5 500,"Москва, Варшавское ш., д. 23",Верхние Котлы
Отель Bulgakov Residence,9.4/10,7 930,"Москва, Большой Палашевский пер., д. 9/2",Пушкинская
от3 900руб.,9.1/10,3 900,"Москва, ул. Фадеева, д. 5",Маяковская
Хостел Этаж,7.8/10,1 100,"Москва, ул. Осташковская, д. 9к5",Бабушкинская
Хостел Комфорт,8.5/10,700,"Москва, ул. Старокачаловская, д. 1к1",Бульвар Дмитрия Донского
Мини-отель Птица-Синица,9.1/10,5 124,"Москва, Малый Гнездниковский пер., д. 9с1",Тверская
от3 600руб.,8.9/10,3 600,"Москва, пр-д Коломенский, д. 14к1",Каширская
от3 600руб.,8.9/10,3 600,"Москва, ул. Академика Миллионщикова, д. 35к4",Каширская
Апарт-отель Knokey Динамо,9.8/10,5 500,"Москва, Ленинградский пр-т, д. 29к1",Динамо
Мини-отель Горбуновъ,9.4/10,4 000,"Москва, ул. Девятая Рота, д. 16",Преображенская Площадь
Хостел Старт на Саратовской,9.1/10,800,"Москва, ул. Саратовская, д. 18/10",Текстильщики
Хостел REST Москва,8.1/10,800,"Москва, Волжский б-р, д. 8к1",Текстильщики
Хостел Оранж,9.1/10,4 500,"Москва, Подсосенский пер., д. 21с1",Чкаловская
Мини-отель Маршал,7.2/10,3 200,"Москва, ул. Маршала Баграмяна, д. 8",Люблино
Мини-отель it.rooms,10/10,4 000,"Москва, ш. Загородное, д. 8к2",Крымская
от4 000руб.,9.4/10,4 000,"Москва, ул. Остоженка, д. 47",Парк Культуры
Dream Place Hostel,9.4/10,1 200,"Москва, ул. Новослободская, д. 50/1с1",Менделеевская
Хостел На Рубле,8.9/10,1 080,"Москва, ш. Рублёвское, д. 18к3",Молодежная
Мини-отель Апельсин на Трубной,9.3/10,4 500,"Москва, б-р. Петровский, д. 15С1",Трубная
Мини-отель ЛаЛуна,8.9/10,4 100,"Москва, пр. 60-летия Октября, д. 14",Академическая
Гостиница Погости на Алексеевской,8.9/10,4 485,"Москва, ул. Маломосковская, д. 21к1",Алексеевская
Апартаменты MaxRealty24 на Коштоянца 39,10/10,5 753,"Москва, ул. Коштоянца, д. 39",Проспект Вернадского
Апарт-отель Knokey Лофт ФМ,9.6/10,4 600,"Москва, ул. Нижегородская, д. 32с3",Калитники МЦД-2
Апарт-отель Knokey Рижская,10/10,4 700,"Москва, Средняя Переяславская ул., д. 27с1",Рижская МЦД-2
Хостел Вежливый Лось гл,7.2/10,550,"Москва, ул. Седова, д. 13а",Ботанический Сад
Гостиница Столичная,9.1/10,4 400,"Москва, ул. Новорязанская, д. 26, стр. 1",Комсомольская
Иван Чай - отель и кофейня,9.6/10,4 400,"Москва, Нагатинская набережная, д. 10к3",Коломенская
Хостел Дип Слип,8.9/10,1 150,"Москва, Волгоградский пр-т, д. 51",Текстильщики
Хостел Мастерская,8.3/10,345,"Москва, пр. Черепановых, д. 46а, этаж 1",Коптево
Хостел Кампус 312,8.9/10,700,"Москва, пер. Партийный, д. 1к11",Серпуховская
Отель Norke Prime Kitay-gorod,8.7/10,4 950,"Москва, пер. Подколокольный, д. 4/7",Китай-город
Мини-отель Дворики,9.4/10,4 000,"Москва, ул. Захарьинские дворики, д. 3",Щербинка МЦД-2
Апарт-отель Knokey Селигерская,9.4/10,3 750,"Москва, Дмитровское ш., д 81",Селигерская
Хостел Orange,8.7/10,3 000,"Москва, ул. Краснопрудная, д. 22а, этаж 2",Красносельская
Апартаменты LuxKV - Кудринская 1,8.9/10,4 500,"Москва, Кудринская площадь, д. 1",Баррикадная
Апарт-отель Knokey ЦСКА,9.4/10,4 600,"Москва, ул. Автозаводская, д. 23с120",ЗИЛ
от6 300руб.,8.7/10,6 300,"Москва, Ленинский пр-т, д. 15",Шаболовская
Хостел Comfort park,8.7/10,626,"Москва, пр-т. Мира, д. 184, корп. 1",Улица Сергея Эйзенштейна
Хостел Рус-Ленинская Слобода,8.9/10,650,"Москва, 1-й Кожуховский пр-д, д. 1/7, 1 этаж, пом. 6",Автозаводская
Хостел Вежливый Лось на Вятском,6.6/10,780,"Москва, 4-й Вятский пер., д. 10",Дмитровская МЦД-2
Хостел M&D,9.1/10,1 100,"Москва, ул. Островитянова, 9к3",Университет дружбы народов
Хостел ALL MUSIC Hostel №1 Маяковская,9.1/10,840,"Москва, ул. Садовая-Триумфальная, д. 12/14",Маяковская
Hostel House,8.9/10,1 250,"Москва, б-р Покровский, д. 8с2б",Чкаловская
Отель Нота,8.9/10,3 100,"Москва, ул. Перерва, д. 68/35",Люблино
Private Apartments на Волоколамском шоссе,10/10,4 790,"Москва, Волоколамское ш., д. 24к1",Стрешнево
от3 900руб.,9.1/10,3 900,"Москва, ул. Беговая, д. 14",Беговая
Отель IDERA,9.4/10,4 900,"Москва, пр-кт Рязанский, д. 2к3",Нижегородская
Хостел Шаболовка-Отель,8.9/10,700,"Москва, ул. Шухова, д. 5",Шаболовская
Мини-отель Norka,9.4/10,3 500,"Москва, ул. Большая Почтовая, д. 34с12",Электрозаводская МЦД-3
Гостевой дом Внукинг,8.1/10,1 400,"Московская обл, пос. Московский, СНТ Верхнее Акатово, д. 72с1",
Мини-отель Сова на Каширской,9.4/10,4 500,"Москва, Каширское ш., д. 55к5",Москворечье МЦД-2
Хостел Порт Павелецкая,8.3/10,480,"Москва, Дербеневская набережная, д. 13/17 к.  1",Автозаводская
Хостел Eger177,7.2/10,499,"Москва, ул. Егерская, д. 1",Сокольники
Апарт-отель Knokey Local,10/10,3 400,"Москва, Дмитровское шоссе, д. 46к1",Петровско-Разумовская МЦД-3
Академ-Хостел,8.9/10,750,"Москва, ул. Шверника, д. 16, корп. 1",Крымская
от1 600руб.,8.1/10,1 600,"Москва, пл. Рижская, д. 1",Рижская
Хостел Трэвел ИНН,8.5/10,450,"Москва, ул. Большая Марфинская, д. 1к2",Улица Милашенкова
Хостел Идеал,7.8/10,2 800,"Москва, ул. 2-Я Рощинская, д. 4",Тульская
Хостел Планета,7.8/10,500,"Москва, ул. Планетная, д. 31",Гражданская МЦД-2
Хостел Христал,9.1/10,2 500,"Москва, ул. Академика Анохина, д. 11",Юго-западная
ApartLux Кантемировская,8.1/10,5 000,"Москва, ул. Кантемировская, д. 22с3",Кантемировская
ApartLux Сокол,8.7/10,4 000,"Москва, ул. Песчаная, д. 6",Сокол
Апартаменты ApartLux Авиамоторная,8.9/10,4 500,"Москва, ул. Шепелюгинская, д. 5 к. 1",Москва Товарная МЦД-2
ApartLux на Нижегородской,8.5/10,7 500,"Москва, ул. Нижегородская, д. 12",Римская
Апартаменты ApartLux на Жигулёвской,8.5/10,4 000,"Москва, ул. Жигулевская, д. 12, к. 5",Кузьминки
Апартаменты ApartLux на улице Генерала Ярмолова,8.7/10,6 500,"Москва, ул. Генерала Ярмолова, д. 2",Поклонная МЦД-4
ApartLux Серпуховская,8.3/10,4 500,"Москва, ул. Большая Серпуховская, д. 31/4",Серпуховская
Апартаменты Мама Ро,9.3/10,14 000,"Москва, ул. Мясницкая, д. 35а",Сретенский бульвар
Апартаменты На Белорусской,9.3/10,4 400,"Москва, пер. Грузинский, д. 16",Белорусская МЦД-4
Хостел Берег,8.7/10,1 000,"Москва, Варшавское ш., д. 29, корп. 1",Верхние Котлы
Апартаменты White Sky Apartments,9.8/10,6 000,"Москва, пр-кт Мира, д. 184к2",Улица Сергея Эйзенштейна
Хостел Freedom,8.5/10,600,"Москва, ул. Большая Почтовая, д. 18/20к18",Бауманская
Стильная однокомнатная квартира на Цветном бульваре,10/10,9 000,"Москва, пер. 1-й Волконский, д. 15",Цветной бульвар
"Апартаменты Gm, ул. Большая Дмитровка, 21/7",9.6/10,18 000,"Москва, ул. Большая Дмитровка, д. 21",Чеховская
Апартаменты Next to Kremlin,10/10,10 500,"Москва, ул. Тверская, д. 6с5",Театральная
Апартаменты LUX пятикомнатная на Лубянке,9.6/10,12 000,"Москва, пер. Армянский, д. 7",Китай-город
Апартаменты Gm Арбат 49,10/10,15 000,"Москва, ул. Арбат, д. 49",Смоленская
Апартаменты Город - М Арбат 31,8.7/10,8 500,"Москва, ул. Арбат, д. 31",Арбатская
Апартаменты Просторная трешка с видом на Зоопарк и МоскваСити,9.6/10,14 000,"Москва, ул. Большая Грузинская, д. 12",Баррикадная
Апартаменты Просторная четверка в особняке на Старом Арбате,10/10,18 000,"Москва, пер. Филипповский, д. 9",Арбатская
Апартаменты Пятикомнатные LUX у Кремля,9.8/10,20 000,"Москва, ул. Тверская, д. 4",Охотный Ряд
Апартаменты С панорамным видом на Тверскую,9.8/10,12 000,"Москва, ул. Тверская, д. 27с2",Маяковская
Апартаменты С видом на Кремль,9.8/10,11 000,"Москва, ул. Тверская, д. 4",Охотный Ряд
Просторная трехкомнатная сталинка на Тверской,10/10,14 000,"Москва, ул. 1-я Тверская-Ямская, д. 11",Маяковская
Апартаменты Солнечная квартира в деловом районе Москвы,8.9/10,6 500,"Москва, ул. Черняховского, д. 9к1",Аэропорт
Апартаменты Двухэтажные с видом на Тверскую,9.8/10,17 000,"Москва, ул. Тверская, д. 4",Охотный Ряд
Апартаменты На Тверской у Кремля,10/10,12 000,"Москва, ул. Тверская, д. 15",Тверская
Апартаменты Стильная четверка с видом на МИД,10/10,14 000,"Москва, ул. Арбат, д. 51с1",Смоленская
Апартаменты Трехкомнатные рядом с Кремлем,9.8/10,14 000,"Москва, ул. Тверская, д. 6с5",Театральная
Апартаменты Трехкомнатные у Кремля,9.8/10,15 000,"Москва, ул. Тверская, д. 6с3",Театральная
Уникальные апартаменты с балконом на Старом Арбате,9.6/10,15 000,"Москва, ул. Арбат, д. 45/24",Смоленская
Апартаменты Шикарная пятерка с домашним кинотеатром,9.8/10,21 000,"Москва, ул. Тверская, д. 27с2",Маяковская
Шикарная пятикомнатная квартира у Кремля,8.3/10,17 000,"Москва, ул. Тверская, д. 4",Охотный Ряд
Апартаменты GM Apartments,10/10,6 000,"Москва, ул. Большая Татарская, д. 30",Новокузнецкая
Апартаменты На 16 этаже сталинской высотки,10/10,16 000,"Москва, Кудринская пл., д. 1",Баррикадная
Апартаменты Apartexpress на Борисоглебском,10/10,9 500,"Москва, пер. Борисоглебский, д. 12",Арбатская
Апартаменты Город-М,9.8/10,11 000,"Москва, ул. Долгоруковская, д. 29",Новослободская
Апартаменты Просторная квартира у Красной Площади и Кремля,10/10,10 000,"Москва, пер. Брюсов, д. 2/14с2",Охотный Ряд
Апартаменты Элегантная двушка на Дмитровке,9.8/10,10 000,"Москва, ул. Большая Дмитровка, д. 22С1",Чеховская
Четырехкомнатные апартаменты на Тверской-Ямской,9.8/10,14 000,"Москва, ул. 1-я Тверская-Ямская, д. 11",Маяковская
Апартаменты Город-М возле Чистых прудов,10/10,7 500,"Москва, пер. Большой Харитоньевский, д. 5-7с1",Чистые Пруды
Стильные апартаменты у Кремля и Красной Площади,10/10,11 000,"Москва, пер. Камергерский, д. 2",Театральная
Стильные апартаменты в элитной сталинской высотке,10/10,13 000,"Москва, Кудринская пл., д. 1",Баррикадная
Апартаменты Стильная четверка на Бронной,10/10,17 000,"Москва, ул. Большая Бронная, д. 8",Тверская
Апартаменты с потрясающим видом на Москва-Сити,10/10,6 000,"Москва, пр. Кутузовский, д. 17",Киевская
Апартаменты Современная и стильная квартира рядом с Кремлем,10/10,12 000,"Москва, ул. Большая Полянка, д. 3/9",Полянка
Апартаменты Город-М в Камергерском переулке,9.6/10,9 000,"Москва, Камергерский пер., д. 2",Театральная
Апартаменты Стильная двушка в двух шагах от Красной площади,9.8/10,10 000,"Москва, ул. Большая Дмитровка, д. 7/5, стр. 3",Театральная
Апартаменты Стильная трешка напротив Кремля и Красной Площади,10/10,17 000,"Москва, ул. Большая Полянка, д. 3/9",Полянка